,id,question_number,answer,correct,hint_asked,hint_imposed,hint_ans,hint_correct,answer_before_prompt,time_full,time_after_hint,question_id,game_id,hint_used,changed_answer,changed_to_hint,hint_trusted,correct_ans,wrong_hint_trusted,decepted,question_count
159,160,1,A,1,0,0,,,,8.036061372142285,,33,39,0,,,,A,,,0
160,161,2,B,1,1,0,B,1.0,,25.165487492922693,10.937716732965782,830,39,1,,,1.0,B,0.0,,1
161,162,3,A,0,0,0,,,,9.413592414930463,,2585,39,0,,,,B,,,2
162,163,3,B,0,0,1,B,0.0,A,19.122412086930126,7.336902170907706,872,39,1,1.0,1.0,1.0,D,1.0,0.0,3
163,164,3,D,0,1,0,C,1.0,,70.88828611909412,55.70510843908414,2795,39,1,,,0.0,C,0.0,,4
164,165,3,A,1,1,0,A,1.0,,13.839382875943556,4.795372403925285,2788,39,1,,,1.0,A,0.0,,5
165,166,4,C,1,0,1,C,1.0,A,23.49823210411705,13.674586510984227,2874,39,1,1.0,1.0,1.0,C,0.0,0.0,6
166,167,5,D,1,1,0,D,1.0,,21.68629309395328,6.909546107985079,916,39,1,,,1.0,D,0.0,,7
167,168,6,C,1,1,0,C,1.0,,20.299387268023565,13.407884439919144,1917,39,1,,,1.0,C,0.0,,8
168,169,7,C,1,1,0,C,1.0,,21.57356440811418,12.513987004989758,1749,39,1,,,1.0,C,0.0,,9
169,170,8,A,1,1,0,A,1.0,,10.488350873114541,4.543878335971385,2893,39,1,,,1.0,A,0.0,,10
170,171,9,A,1,1,0,A,1.0,,13.187471888959408,5.430238533997908,1513,39,1,,,1.0,A,0.0,,11
171,172,10,A,1,1,0,A,1.0,,12.552735466975719,5.498508414020762,1461,39,1,,,1.0,A,0.0,,12
172,173,11,C,1,0,0,,,,8.817594221094623,,1652,39,0,,,,C,,,13
173,174,12,C,1,1,0,C,1.0,,18.571587446844205,12.682188088074327,679,39,1,,,1.0,C,0.0,,14
174,175,1,D,1,1,0,D,1.0,,29.48277451703325,14.287687665084377,23,40,1,,,1.0,D,0.0,,0
175,176,2,C,1,1,0,C,1.0,,28.050841483986005,15.484101186972111,1500,40,1,,,1.0,C,0.0,,1
176,177,3,B,1,1,0,A,0.0,,22.66578827612102,15.070893242955208,204,40,1,,,0.0,B,0.0,,2
177,178,4,B,1,1,0,B,1.0,,43.33790103183128,24.62439634790644,718,40,1,,,1.0,B,0.0,,3
178,179,5,C,0,1,0,D,1.0,,38.079504346009344,20.873086775885895,1827,40,1,,,0.0,D,0.0,,4
179,180,3,D,0,0,0,,,,24.747492149006575,,793,40,0,,,,C,,,5
180,181,3,A,0,1,0,A,0.0,,22.479492543032393,11.373283931985497,909,40,1,,,1.0,B,1.0,,6
181,182,3,B,1,0,1,C,0.0,B,20.58306987886317,3.1891086630057544,1943,40,1,0.0,0.0,0.0,B,0.0,0.0,7
182,183,4,C,1,1,0,C,1.0,,28.58595652296208,8.598784536821768,2103,40,1,,,1.0,C,0.0,,8
183,184,5,C,1,1,0,C,1.0,,22.8058509810362,9.084642517846078,1053,40,1,,,1.0,C,0.0,,9
184,185,6,C,1,1,0,C,1.0,,23.8837665731553,2.347074172925204,711,40,1,,,1.0,C,0.0,,10
185,186,7,C,1,1,0,C,1.0,,23.50005990709178,5.521118849050254,141,40,1,,,1.0,C,0.0,,11
186,187,8,C,1,0,1,A,0.0,C,34.67245661909692,22.06733899214305,343,40,1,0.0,0.0,0.0,C,0.0,0.0,12
187,188,9,C,1,0,1,A,0.0,C,33.686731208115816,26.124434982892126,2371,40,1,0.0,0.0,0.0,C,0.0,0.0,13
188,189,10,C,1,0,0,,,,12.279860825045034,,2204,40,0,,,,C,,,14
189,190,11,B,1,1,0,B,1.0,,17.705844121985137,10.32291692099534,1810,40,1,,,1.0,B,0.0,,15
190,191,12,A,1,1,0,A,1.0,,27.7033879540395,18.90272045508027,1591,40,1,,,1.0,A,0.0,,16
191,192,1,B,1,0,1,C,0.0,B,33.15731139993295,26.44938865606673,426,45,1,0.0,0.0,0.0,B,0.0,0.0,0
192,193,1,A,0,1,0,A,0.0,,30.59914348484017,7.1732462658546865,699,46,1,,,1.0,D,1.0,,0
193,194,1,B,1,0,0,,,,22.44524674792774,,1943,50,0,,,,B,,,0
194,195,1,C,1,0,0,,,,48.76685506105423,,1264,44,0,,,,C,,,0
195,196,1,D,1,0,0,,,,41.42050425801426,,1123,47,0,,,,D,,,0
196,197,2,A,0,0,0,,,,17.034944792976603,,1293,47,0,,,,C,,,1
197,198,2,D,1,0,1,B,0.0,D,24.65653206408024,19.395940897986293,499,50,1,0.0,0.0,0.0,D,0.0,0.0,1
198,199,2,A,1,1,0,A,1.0,,54.69813235197216,37.21651713200845,1996,45,1,,,1.0,A,0.0,,1
199,200,1,B,1,0,0,,,,9.128437221050262,,507,47,0,,,,B,,,2
200,201,2,B,0,0,0,,,,11.418551079928875,,402,47,0,,,,D,,,3
201,202,2,B,0,1,0,C,1.0,,46.164911922067404,23.93945710081607,2838,44,1,,,0.0,C,0.0,,1
202,203,1,A,1,0,1,D,0.0,A,11.009361492935568,4.099713291041553,2345,47,1,0.0,0.0,0.0,A,0.0,0.0,4
203,204,1,B,1,1,0,D,0.0,,76.43964746408165,65.85122908907942,2261,49,1,,,0.0,B,0.0,,0
204,205,3,C,0,0,1,C,0.0,D,39.676243918947875,9.46768147777766,495,50,1,1.0,1.0,1.0,A,1.0,0.0,2
205,206,1,B,1,1,0,B,1.0,,13.312292685033754,6.337264545029029,2397,44,1,,,1.0,B,0.0,,2
206,207,2,D,1,0,0,,,,12.897275160998106,,2138,47,0,,,,D,,,5
207,208,1,D,0,0,1,D,0.0,B,26.263626605039462,13.125234638806432,1952,43,1,1.0,1.0,1.0,B,1.0,1.0,0
208,209,3,D,1,0,1,B,0.0,D,10.43842078698799,3.107099300948903,527,47,1,0.0,0.0,0.0,D,0.0,0.0,6
209,210,1,A,1,0,0,,,,7.139226072002202,,703,53,0,,,,A,,,0
210,211,4,A,1,0,0,,,,6.057616204023361,,205,47,0,,,,A,,,7
211,212,1,D,1,0,0,,,,14.864578407956287,,399,43,0,,,,D,,,1
212,213,5,D,0,0,0,,,,7.574657825054601,,1467,47,0,,,,B,,,8
213,214,1,A,0,0,1,A,0.0,B,27.45111766201444,5.28424071893096,914,51,1,1.0,1.0,1.0,D,1.0,0.0,0
214,215,3,A,1,0,0,,,,6.184556975029409,,1089,47,0,,,,A,,,9
215,216,1,C,1,1,0,C,1.0,,27.40667258296162,8.898277672939003,9,46,1,,,1.0,C,0.0,,1
216,217,3,D,0,1,0,D,0.0,,22.598196287173778,9.360684592975304,2964,50,1,,,1.0,B,1.0,,3
217,218,4,B,1,0,1,C,0.0,B,9.00532400701195,2.416183390887454,1083,47,1,0.0,0.0,0.0,B,0.0,0.0,10
218,219,2,B,1,1,0,B,1.0,,30.728565722005442,13.302302664145827,2243,53,1,,,1.0,B,0.0,,1
219,220,2,C,0,1,0,C,0.0,,61.44972813804634,26.071624918142334,262,49,1,,,1.0,D,1.0,,1
220,221,3,A,1,0,0,,,,10.944303035968915,,1475,50,0,,,,A,,,4
221,222,2,C,1,0,1,C,1.0,A,55.56102824793197,8.922207282157615,1500,44,1,1.0,1.0,1.0,C,0.0,0.0,3
222,223,5,D,1,0,1,A,0.0,D,14.157865755958483,2.3682088998612016,1347,47,1,0.0,0.0,0.0,D,0.0,0.0,11
223,224,2,C,1,0,0,,,,18.17233449802734,,618,46,0,,,,C,,,2
224,225,3,D,1,0,0,,,,7.079887890024111,,333,44,0,,,,D,,,4
225,226,6,D,1,0,1,B,0.0,D,9.504166041035205,2.216359952930361,105,47,1,0.0,0.0,0.0,D,0.0,0.0,12
226,227,3,C,0,1,0,C,0.0,,22.336079905042425,10.717528377193958,156,53,1,,,1.0,A,1.0,,2
227,228,7,C,1,0,1,B,0.0,C,13.619529922958463,1.442594536114484,2573,47,1,0.0,0.0,0.0,C,0.0,0.0,13
228,229,4,D,1,0,0,,,,17.32790636108257,,1308,44,0,,,,D,,,5
229,230,3,D,1,0,1,B,0.0,D,22.841026537120342,3.6379970009438694,1862,46,1,0.0,0.0,0.0,D,0.0,0.0,3
230,231,3,D,1,0,1,C,0.0,D,19.125972579000518,10.05858556414023,333,53,1,0.0,0.0,0.0,D,0.0,0.0,3
231,232,1,A,0,1,0,A,0.0,,64.12643412407488,54.774528403999284,2,54,1,,,1.0,D,1.0,,0
232,233,4,D,0,1,0,C,1.0,,48.54023545188829,12.089649701025337,1582,50,1,,,0.0,C,0.0,,5
233,234,8,C,0,0,1,B,0.0,C,9.968973950948566,1.8689325989689678,1957,47,1,0.0,0.0,0.0,D,0.0,0.0,14
234,235,1,B,1,1,0,C,0.0,,41.36867617396638,15.176327234134078,1747,49,1,,,0.0,B,0.0,,2
235,236,4,B,1,0,1,A,0.0,B,18.96440141205676,7.894423990976065,417,53,1,0.0,0.0,0.0,B,0.0,0.0,4
236,237,3,C,1,0,0,,,,6.283747496083379,,1613,50,0,,,,C,,,6
237,238,8,D,1,0,0,,,,17.983366691041738,,1093,47,0,,,,D,,,15
238,239,4,B,1,0,1,D,0.0,B,13.528109999839216,6.40080644399859,2706,50,1,0.0,0.0,0.0,B,0.0,0.0,7
239,240,9,C,0,0,0,,,,12.433833912946284,,1017,47,0,,,,B,,,16
240,241,3,D,1,1,0,D,1.0,,178.29423062200658,169.0749692111276,2337,45,1,,,1.0,D,0.0,,2
241,242,1,C,1,1,0,C,1.0,,38.06886885780841,24.517054338008165,465,54,1,,,1.0,C,0.0,,1
242,243,2,C,1,1,0,C,1.0,,30.063859726069495,24.298095738049597,396,49,1,,,1.0,C,0.0,,3
243,244,5,D,0,0,1,D,0.0,A,29.594568433007225,15.061469329055399,1911,53,1,1.0,1.0,1.0,A,1.0,1.0,5
244,245,5,A,1,1,0,A,1.0,,16.822791277896613,6.355793201830238,2725,50,1,,,1.0,A,0.0,,8
245,246,8,B,0,0,0,,,,12.619766484946012,,1721,47,0,,,,D,,,17
246,247,8,A,1,0,0,,,,9.495561742922291,,2385,47,0,,,,A,,,18
247,248,3,B,1,1,0,B,1.0,,22.830709881149232,13.79813725198619,833,53,1,,,1.0,B,0.0,,6
248,249,3,C,1,1,0,C,1.0,,26.933879671851173,16.790727998130023,1368,49,1,,,1.0,C,0.0,,4
249,250,9,A,1,0,0,,,,3.7211477991659194,,2504,47,0,,,,A,,,19
250,251,6,D,1,1,0,D,1.0,,26.020921672927216,8.988711299141869,1616,50,1,,,1.0,D,0.0,,9
251,252,4,B,0,1,0,B,0.0,,32.17167122499086,25.815329391974956,196,45,1,,,1.0,D,1.0,,3
252,253,10,A,0,0,0,,,,6.643905031029135,,1942,47,0,,,,C,,,20
253,254,2,C,1,1,0,A,0.0,,42.08661624905653,28.335781410802156,2526,54,1,,,0.0,C,0.0,,2
254,255,4,C,1,0,1,A,0.0,C,15.353214018978179,7.626032543135807,311,53,1,0.0,0.0,0.0,C,0.0,0.0,7
255,256,8,B,0,0,0,,,,9.558651628904045,,1405,47,0,,,,C,,,21
256,257,3,D,1,0,0,,,,9.347543418873101,,1904,54,0,,,,D,,,3
257,258,3,C,1,0,1,B,0.0,C,15.504278468899429,6.6944658369757235,1190,45,1,0.0,0.0,0.0,C,0.0,0.0,4
258,259,5,D,0,0,0,,,,12.500737816095352,,1491,53,0,,,,C,,,8
259,260,4,A,0,1,0,A,0.0,,28.06305510387756,16.847407046006992,2164,49,1,,,1.0,D,1.0,,5
260,261,8,A,0,0,1,B,1.0,A,9.807757223956287,2.203957757912576,686,47,1,0.0,0.0,0.0,B,0.0,0.0,22
261,262,4,B,1,0,0,,,,132.21965587092564,,3028,46,0,,,,B,,,4
262,263,4,B,1,1,0,D,0.0,,20.477400070987642,7.0481171840801835,2149,45,1,,,0.0,B,0.0,,5
263,264,8,A,0,0,1,C,1.0,A,15.34397931303829,1.3475898681208491,211,47,1,0.0,0.0,0.0,C,0.0,0.0,23
264,265,3,D,1,1,0,C,0.0,,21.8263931509573,16.96114272205159,390,53,1,,,0.0,D,0.0,,9
265,266,8,B,0,0,1,A,1.0,B,7.307118677068502,1.8073285771533847,1517,47,1,0.0,0.0,0.0,A,0.0,0.0,24
266,267,4,B,1,0,0,,,,10.757254604017362,,2046,53,0,,,,B,,,10
267,268,4,A,1,1,0,A,1.0,,41.9049071688205,26.09842296410352,2537,54,1,,,1.0,A,0.0,,4
268,269,8,D,0,0,1,C,1.0,D,10.700670873979107,1.5923700230196118,2055,47,1,0.0,0.0,0.0,C,0.0,0.0,25
269,270,5,A,0,0,0,,,,10.34321375307627,,326,53,0,,,,C,,,11
270,271,5,B,0,1,0,B,0.0,,29.78081621415913,18.25585278798826,984,46,1,,,1.0,A,1.0,,5
271,272,5,D,1,1,0,D,1.0,,166.9575446511153,22.409754371037707,937,44,1,,,1.0,D,0.0,,6
272,273,3,D,1,0,0,,,,10.613919088151306,,2253,53,0,,,,D,,,12
273,274,3,C,1,1,0,C,1.0,,54.453164531849325,26.467698970111087,2002,49,1,,,1.0,C,0.0,,6
274,275,5,C,1,1,0,C,1.0,,26.92613843595609,19.62938185199164,312,54,1,,,1.0,C,0.0,,5
275,276,6,B,1,1,0,B,1.0,,23.514801953919232,4.377615693025291,721,44,1,,,1.0,B,0.0,,7
276,277,3,C,1,0,1,A,0.0,C,30.398235017200932,3.2818552430253476,154,46,1,0.0,0.0,0.0,C,0.0,0.0,6
277,278,6,C,1,1,0,C,1.0,,19.381989911897108,10.854482230031863,2708,54,1,,,1.0,C,0.0,,6
278,279,7,D,0,1,0,C,1.0,,113.44511945801787,89.06129285600036,2341,50,1,,,0.0,C,0.0,,10
279,280,4,D,0,1,0,D,0.0,,8.929859441937879,3.4294322528876364,2266,46,1,,,1.0,B,1.0,,7
280,281,7,C,1,0,0,,,,9.934334994060919,,1056,54,0,,,,C,,,7
281,282,3,B,0,0,0,,,,8.215362048940733,,2430,46,0,,,,A,,,8
282,283,5,C,1,1,0,C,1.0,,87.04789698403329,81.53293455694802,1368,45,1,,,1.0,C,0.0,,6
283,284,3,A,0,0,1,B,1.0,A,14.184437109855935,3.5601342800073326,1055,50,1,0.0,0.0,0.0,B,0.0,0.0,11
284,285,7,D,1,1,0,D,1.0,,34.582387431990355,9.591374119045213,2070,44,1,,,1.0,D,0.0,,8
285,286,3,A,1,0,1,A,1.0,D,12.258371654897928,5.008018627064303,2959,46,1,1.0,1.0,1.0,A,0.0,0.0,9
286,287,1,B,1,1,0,B,1.0,,8.61844669491984,3.6172189288772643,1030,56,1,,,1.0,B,0.0,,0
287,288,4,D,1,1,0,D,1.0,,83.5045868549496,77.57145704119466,2517,49,1,,,1.0,D,0.0,,7
288,289,4,C,0,1,0,C,0.0,,35.33317373110913,27.466748191043735,2829,46,1,,,1.0,A,1.0,,10
289,290,3,C,1,0,1,A,0.0,C,32.77269242191687,7.905820165993646,1784,50,1,0.0,0.0,0.0,C,0.0,0.0,12
290,291,3,A,1,0,1,B,0.0,A,8.291342589072883,2.4627492839936167,2559,46,1,0.0,0.0,0.0,A,0.0,0.0,11
291,292,5,A,1,1,0,D,0.0,,18.395270926179364,12.392682971898466,2847,49,1,,,0.0,A,0.0,,8
292,293,8,B,0,1,0,B,0.0,,14.739504856988788,5.650720077101141,1772,44,1,,,1.0,A,1.0,,9
293,294,6,C,1,1,0,C,1.0,,66.79248242499307,58.61552736302838,2910,45,1,,,1.0,C,0.0,,7
294,295,4,B,1,1,0,B,1.0,,13.577396248001605,2.786231609992683,2419,46,1,,,1.0,B,0.0,,12
295,296,8,C,0,1,0,C,0.0,,61.605980349937454,18.08149397978559,1748,54,1,,,1.0,D,1.0,,8
296,297,4,B,0,1,0,B,0.0,,37.537053159903735,19.096516184974462,2811,50,1,,,1.0,C,1.0,,13
297,298,6,B,1,1,0,A,0.0,,24.42872597789392,16.463910795981064,2370,49,1,,,0.0,B,0.0,,9
298,299,8,C,0,1,0,C,0.0,,13.70885762013495,10.553700600052252,960,54,1,,,1.0,D,1.0,,9
299,300,3,B,1,0,0,,,,9.780068973079324,,2753,50,0,,,,B,,,14
300,301,5,C,0,1,0,A,0.0,,34.74149516504258,24.972735658986494,196,46,1,,,0.0,D,0.0,,13
301,302,8,D,1,0,1,A,0.0,D,35.343635155120865,27.497581471921876,84,44,1,0.0,0.0,0.0,D,0.0,0.0,10
302,303,4,B,1,0,0,,,,9.082187419990078,,965,50,0,,,,B,,,15
303,304,3,B,1,1,0,B,1.0,,9.01209957501851,2.242757970932871,1413,46,1,,,1.0,B,0.0,,14
304,305,8,C,1,1,0,C,1.0,,13.643571280874312,7.773730099899694,1466,54,1,,,1.0,C,0.0,,10
305,306,7,B,1,1,0,B,1.0,,32.08964946283959,14.692098690895364,624,49,1,,,1.0,B,0.0,,10
306,307,7,C,1,1,0,C,1.0,,56.03450349997729,48.945451102918014,418,45,1,,,1.0,C,0.0,,8
307,308,9,A,1,1,0,A,1.0,,10.579586392035708,2.8644266019109637,2405,54,1,,,1.0,A,0.0,,11
308,309,4,A,0,1,0,A,0.0,,12.785413141129538,6.800162459956482,254,46,1,,,1.0,B,1.0,,15
309,310,9,C,0,1,0,C,0.0,,25.864046048140153,13.745569209102541,2983,44,1,,,1.0,B,1.0,,11
310,311,10,B,1,0,1,D,0.0,B,13.95423351204954,7.7883350409101695,2433,54,1,0.0,0.0,0.0,B,0.0,0.0,12
311,312,3,C,1,1,0,C,1.0,,15.602125658886507,2.8118620661552995,921,46,1,,,1.0,C,0.0,,16
312,313,11,A,1,1,0,D,0.0,,15.41052907682024,6.085865107132122,194,54,1,,,0.0,A,0.0,,13
313,314,8,B,1,0,1,D,0.0,B,19.35501215304248,2.0796986459754407,570,44,1,0.0,0.0,0.0,B,0.0,0.0,12
314,315,12,C,1,1,0,C,1.0,,10.732683156849816,3.0760644408874214,1369,54,1,,,1.0,C,0.0,,14
315,316,4,D,0,0,1,D,0.0,A,34.279489952139556,12.660418641055003,1876,46,1,1.0,1.0,1.0,A,1.0,1.0,17
316,317,3,B,1,0,0,,,,9.147001844830811,,2127,46,0,,,,B,,,18
317,318,8,A,1,1,0,A,1.0,,42.891215538140386,18.15022810199298,1227,49,1,,,1.0,A,0.0,,11
318,319,4,A,1,1,0,A,1.0,,8.5912827369757,2.62793792411685,2965,46,1,,,1.0,A,0.0,,19
319,320,5,B,0,1,0,B,0.0,,20.58278261194937,4.824949437985197,642,46,1,,,1.0,D,1.0,,20
320,321,3,A,0,0,0,,,,7.20753550902009,,1379,46,0,,,,D,,,21
321,322,3,A,1,0,0,,,,4.812453988939524,,231,46,0,,,,A,,,22
322,323,5,B,1,0,1,C,0.0,B,128.7030658100266,116.83700077910908,764,50,1,0.0,0.0,0.0,B,0.0,0.0,16
323,324,9,C,1,1,0,A,0.0,,51.40590617782436,30.622562661068514,1373,49,1,,,0.0,C,0.0,,12
324,325,4,C,1,1,0,C,1.0,,8.287379189860076,2.5099455129820853,2724,46,1,,,1.0,C,0.0,,23
325,326,6,B,1,0,0,,,,9.99446414411068,,2706,50,0,,,,B,,,17
326,327,9,B,0,1,0,B,0.0,,99.44403161294758,80.77560236584395,1849,44,1,,,1.0,D,1.0,,13
327,328,10,D,0,1,0,D,0.0,,32.21335593285039,23.43326929700561,2980,49,1,,,1.0,C,1.0,,13
328,329,8,C,1,0,1,D,0.0,C,19.904229369945824,10.283826659899205,2760,44,1,0.0,0.0,0.0,C,0.0,0.0,14
329,330,5,B,1,1,0,C,0.0,,40.20710916002281,6.786235724110156,2052,46,1,,,0.0,B,0.0,,24
330,331,8,B,1,1,0,B,1.0,,9.169677299913019,3.1011269229929894,2812,49,1,,,1.0,B,0.0,,14
331,332,9,B,1,1,0,B,1.0,,13.97666806099005,3.0587302302010357,1223,44,1,,,1.0,B,0.0,,15
332,333,6,A,1,1,0,A,1.0,,10.205241765128449,3.1649692431092262,1626,46,1,,,1.0,A,0.0,,25
333,334,10,C,1,0,0,,,,10.302864636061713,,823,44,0,,,,C,,,16
334,335,11,B,1,0,1,A,0.0,B,9.130862737074494,3.2030396540649235,2370,44,1,0.0,0.0,0.0,B,0.0,0.0,17
335,336,7,B,1,1,0,B,1.0,,19.5861784319859,3.9981141400057822,2997,46,1,,,1.0,B,0.0,,26
336,337,7,A,1,1,0,A,1.0,,66.65425385395065,31.617587034823373,2191,50,1,,,1.0,A,0.0,,18
337,338,9,D,1,1,0,D,1.0,,31.332047163974494,21.20429512206465,360,49,1,,,1.0,D,0.0,,15
338,339,8,B,1,1,0,B,1.0,,9.677260132040828,3.289650473045185,2472,46,1,,,1.0,B,0.0,,27
339,340,9,A,1,1,0,A,1.0,,13.283729470102116,4.060673690168187,2968,46,1,,,1.0,A,0.0,,28
340,341,10,B,1,1,0,B,1.0,,45.79495355905965,40.17593998997472,781,49,1,,,1.0,B,0.0,,16
341,342,10,B,1,1,0,B,1.0,,13.002101998077706,3.1166497839149088,2560,46,1,,,1.0,B,0.0,,29
342,343,11,C,1,0,0,,,,5.10711860191077,,2117,46,0,,,,C,,,30
343,344,12,C,1,0,0,,,,8.674330399138853,,140,46,0,,,,C,,,31
344,345,11,B,1,1,0,D,0.0,,20.500465831020847,15.168335519963875,1420,49,1,,,0.0,B,0.0,,17
345,346,8,D,0,1,0,D,0.0,,73.22821319103241,40.762148302048445,2836,50,1,,,1.0,B,1.0,,19
346,347,12,B,1,1,0,B,1.0,,100.40628720703535,84.91891685687006,2689,44,1,,,1.0,B,0.0,,18
347,348,12,A,0,1,0,C,1.0,,37.86430972884409,31.62214033002965,2391,49,1,,,0.0,C,0.0,,18
348,349,8,A,1,1,0,A,1.0,,12.390662711113691,5.43239099602215,1028,49,1,,,1.0,A,0.0,,19
349,350,9,C,1,1,0,C,1.0,,9.775977999903262,4.576158006908372,568,49,1,,,1.0,C,0.0,,20
350,351,1,C,0,0,1,C,0.0,D,23.087695840978995,9.585800030035898,2114,57,1,1.0,1.0,1.0,D,1.0,1.0,0
351,352,10,A,0,1,0,A,0.0,,15.450327117927372,8.636744887800887,1622,49,1,,,1.0,C,1.0,,21
352,353,8,C,0,1,0,C,0.0,,28.99889109702781,25.21649848879315,1392,49,1,,,1.0,B,1.0,,22
353,354,8,D,0,1,0,B,1.0,,10.856367493979633,2.95747846015729,52,49,1,,,0.0,B,0.0,,23
354,355,8,B,0,1,0,B,0.0,,373.37284956290387,361.0997172538191,897,45,1,,,1.0,A,1.0,,9
355,356,4,D,1,0,1,D,1.0,A,730.328468128806,11.305400690995157,532,53,1,1.0,1.0,1.0,D,0.0,0.0,13
356,357,5,A,1,0,0,,,,18.174603417981416,,133,53,0,,,,A,,,14
357,358,6,B,0,0,0,,,,23.749077273067087,,1870,53,0,,,,D,,,15
358,359,3,C,0,0,1,C,0.0,A,11.9938320920337,3.9589022090658545,1591,53,1,1.0,1.0,1.0,A,1.0,1.0,16
359,360,3,C,0,0,0,,,,9.119594044983387,,2093,53,0,,,,D,,,17
360,361,3,B,0,1,0,B,0.0,,17.197254159022123,11.209876968059689,2209,53,1,,,1.0,C,1.0,,18
361,362,3,B,1,1,0,B,1.0,,12.74178603105247,4.5332276239059865,968,53,1,,,1.0,B,0.0,,19
362,363,4,B,1,0,1,C,0.0,B,11.404488370986655,6.608232824131846,1449,53,1,0.0,0.0,0.0,B,0.0,0.0,20
363,364,5,B,1,1,0,B,1.0,,19.190566781908274,8.28232990205288,1992,53,1,,,1.0,B,0.0,,21
364,365,1,B,0,1,0,B,0.0,,88.49525919300504,73.96005017287098,2730,58,1,,,1.0,C,1.0,,0
365,366,6,D,1,1,0,D,1.0,,20.45158250001259,10.983616233803332,1173,53,1,,,1.0,D,0.0,,22
366,367,7,A,1,1,0,A,1.0,,17.53455289104022,5.064397392095998,729,53,1,,,1.0,A,0.0,,23
367,368,1,C,1,0,1,A,0.0,C,32.57106361887418,22.964654542971402,2223,58,1,0.0,0.0,0.0,C,0.0,0.0,1
368,369,2,D,1,0,0,,,,6.934970468049869,,2700,58,0,,,,D,,,2
369,370,3,B,1,0,0,,,,19.02266376116313,,1566,58,0,,,,B,,,3
370,371,4,C,1,1,0,A,0.0,,66.13910626410507,21.548159559024498,727,58,1,,,0.0,C,0.0,,4
371,372,5,D,1,1,0,C,0.0,,20.412056752946228,12.575602325145155,303,58,1,,,0.0,D,0.0,,5
372,373,6,C,1,0,0,,,,8.39149409509264,,2169,58,0,,,,C,,,6
373,374,7,A,1,1,0,A,1.0,,21.95301903388463,13.121093791211024,1341,58,1,,,1.0,A,0.0,,7
374,375,8,C,1,1,0,C,1.0,,60.65433949488215,10.0978808500804,1603,58,1,,,1.0,C,0.0,,8
375,376,9,D,1,0,1,B,0.0,D,13.598415964981541,4.674853468080983,586,58,1,0.0,0.0,0.0,D,0.0,0.0,9
376,377,10,B,1,1,0,B,1.0,,26.59407065808773,7.46087592211552,569,58,1,,,1.0,B,0.0,,10
377,378,11,A,0,1,0,C,0.0,,39.07868383289315,23.62528101890348,1000,58,1,,,0.0,B,0.0,,11
378,379,8,B,0,0,1,A,1.0,B,7.251128033967689,1.9803515810053796,2527,58,1,0.0,0.0,0.0,A,0.0,0.0,12
379,380,8,C,1,0,0,,,,5.257445752155036,,2673,58,0,,,,C,,,13
380,381,9,A,0,1,0,A,0.0,,24.0485160110984,11.714478319045156,1105,58,1,,,1.0,B,1.0,,14
381,382,8,A,0,1,0,A,0.0,,60.87306381203234,9.89303142298013,1993,58,1,,,1.0,C,1.0,,15
382,383,8,A,1,0,0,,,,7.505109490128234,,501,58,0,,,,A,,,16
383,384,9,A,1,1,0,A,1.0,,24.475190709112212,16.091450047912076,2094,58,1,,,1.0,A,0.0,,17
384,385,10,B,1,0,1,B,1.0,D,32.48027648613788,12.704086384968832,1848,58,1,1.0,1.0,1.0,B,0.0,0.0,18
385,386,11,C,1,1,0,C,1.0,,24.674415968824178,18.05216674716212,327,58,1,,,1.0,C,0.0,,19
386,387,12,B,1,0,1,C,0.0,B,8.383022994035855,2.351461553014815,2441,58,1,0.0,0.0,0.0,B,0.0,0.0,20
387,388,1,D,1,0,0,,,,20.537588143954054,,1499,60,0,,,,D,,,0
388,389,2,D,1,0,0,,,,9.81739975581877,,653,60,0,,,,D,,,1
389,390,3,A,1,1,0,A,1.0,,102.76357031799853,87.00030434201472,462,60,1,,,1.0,A,0.0,,2
390,391,4,D,1,1,0,D,1.0,,89.66262931609526,81.01071316190064,689,60,1,,,1.0,D,0.0,,3
391,392,5,C,1,0,0,,,,56.75293271616101,,60,60,0,,,,C,,,4
392,393,6,C,1,1,0,D,0.0,,76.78971947799437,30.620888876961544,1504,60,1,,,0.0,C,0.0,,5
393,394,7,C,1,1,0,A,0.0,,75.49672080692835,10.07079520681873,2741,60,1,,,0.0,C,0.0,,6
394,395,8,A,1,1,0,A,1.0,,65.74353054398671,11.329222418135032,3014,60,1,,,1.0,A,0.0,,7
395,396,9,B,1,1,0,D,0.0,,19.84660440310836,14.68237132113427,1430,60,1,,,0.0,B,0.0,,8
396,397,10,B,0,1,0,B,0.0,,26.340871340828016,13.278571322094649,1107,60,1,,,1.0,A,1.0,,9
397,398,8,C,0,1,0,C,0.0,,96.20374564803205,16.381907294038683,195,60,1,,,1.0,D,1.0,,10
398,399,8,D,1,0,1,C,0.0,D,26.556101423921064,16.870909843128175,541,60,1,0.0,0.0,0.0,D,0.0,0.0,11
399,400,9,B,1,1,0,B,1.0,,19.295113974018022,10.733747414080426,1176,60,1,,,1.0,B,0.0,,12
400,401,10,D,0,1,0,D,0.0,,50.27830678317696,22.8718225939665,558,60,1,,,1.0,C,1.0,,13
401,402,8,B,0,1,0,A,1.0,,23.199061216088012,13.052827111911029,2556,60,1,,,0.0,A,0.0,,14
402,403,8,B,1,1,0,B,1.0,,24.15781361516565,13.58790931198746,603,60,1,,,1.0,B,0.0,,15
403,404,9,C,1,1,0,C,1.0,,16.086913949111477,9.005953693995252,2864,60,1,,,1.0,C,0.0,,16
404,405,10,B,1,1,0,B,1.0,,56.365438726963475,25.355549084953964,1332,60,1,,,1.0,B,0.0,,17
405,406,11,D,0,1,0,A,1.0,,27.431665256153792,13.935542922932655,865,60,1,,,0.0,A,0.0,,18
406,407,8,B,1,0,0,,,,5.622302735922858,,1176,60,0,,,,B,,,19
407,408,9,B,1,0,1,B,1.0,D,18.182417921023443,9.772550472989678,1246,60,1,1.0,1.0,1.0,B,0.0,0.0,20
408,409,10,B,1,1,0,B,1.0,,8.523625551024452,2.457800541073084,1779,60,1,,,1.0,B,0.0,,21
409,410,11,D,0,1,0,D,0.0,,21.60039406712167,8.933115974999964,1265,60,1,,,1.0,A,1.0,,22
410,411,8,C,1,0,0,,,,6.709623888134956,,480,60,0,,,,C,,,23
411,412,9,A,0,0,1,C,0.0,A,15.738347925944254,6.620594708947465,272,60,1,0.0,0.0,0.0,B,0.0,0.0,24
412,413,8,A,0,0,0,,,,5.755416228901595,,2194,60,0,,,,B,,,25
413,414,8,D,1,1,0,D,1.0,,19.6666339749936,7.838934825034812,2619,60,1,,,1.0,D,0.0,,26
414,415,9,D,1,1,0,C,0.0,,13.379368570167571,2.3045331952162087,2359,60,1,,,0.0,D,0.0,,27
415,416,10,B,1,1,0,B,1.0,,19.462859908118844,9.315196289913729,1831,60,1,,,1.0,B,0.0,,28
416,417,11,C,1,1,0,C,1.0,,27.967674850020558,20.546030919998884,1921,60,1,,,1.0,C,0.0,,29
417,418,12,B,1,1,0,B,1.0,,9.643759043887258,3.78882419411093,319,60,1,,,1.0,B,0.0,,30
418,419,8,A,1,1,0,A,1.0,,3905.4169932331424,3899.222572812112,133,45,1,,,1.0,A,0.0,,10
419,420,9,B,1,0,0,,,,6.554608081933111,,570,45,0,,,,B,,,11
420,421,10,C,1,1,0,D,0.0,,38.716307601192966,31.350115975132212,698,45,1,,,0.0,C,0.0,,12
421,422,11,D,1,0,0,,,,4.883061436004937,,845,45,0,,,,D,,,13
422,423,12,B,1,1,0,B,1.0,,50.11515594716184,46.14640749595128,2650,45,1,,,1.0,B,0.0,,14
423,424,1,B,0,0,0,,,,18.30695991497487,,1100,61,0,,,,A,,,0
424,425,1,B,1,1,0,B,1.0,,31.25058682495728,7.839399982010946,1443,61,1,,,1.0,B,0.0,,1
425,426,2,C,1,1,0,C,1.0,,21.99992995010689,15.765613459981978,107,61,1,,,1.0,C,0.0,,2
426,427,3,D,1,1,0,B,0.0,,28.91103971004486,17.660074119921774,1061,61,1,,,0.0,D,0.0,,3
427,428,4,D,1,1,0,D,1.0,,23.800296699162573,13.908906300086528,2623,61,1,,,1.0,D,0.0,,4
428,429,5,C,1,1,0,C,1.0,,20.982979871099815,10.246780615998432,2263,61,1,,,1.0,C,0.0,,5
429,430,6,B,1,1,0,B,1.0,,23.09371392801404,13.990804191911593,148,61,1,,,1.0,B,0.0,,6
430,431,7,A,1,1,0,A,1.0,,17.014353479957208,4.153247691923752,729,61,1,,,1.0,A,0.0,,7
431,432,8,B,1,0,0,,,,12.536934410920367,,2583,61,0,,,,B,,,8
432,433,9,A,1,0,0,,,,7.669908266048878,,1780,61,0,,,,A,,,9
433,434,10,B,1,1,0,B,1.0,,21.386229176074266,13.681861970108002,1531,61,1,,,1.0,B,0.0,,10
434,435,11,C,0,1,0,C,0.0,,14.89564386708662,7.382667634868994,123,61,1,,,1.0,B,1.0,,11
435,436,8,B,1,1,0,B,1.0,,10.009439803892747,3.0298938062042,1592,61,1,,,1.0,B,0.0,,12
436,437,9,C,1,1,0,C,1.0,,14.411377026000991,5.522996821906418,69,61,1,,,1.0,C,0.0,,13
437,438,10,C,1,0,0,,,,25.075306105893105,,91,61,0,,,,C,,,14
438,439,11,A,1,1,0,C,0.0,,50.32419212395325,25.74531739903614,1781,61,1,,,0.0,A,0.0,,15
439,440,12,D,1,0,1,B,0.0,D,54.14971003611572,38.12011438701302,2187,61,1,0.0,0.0,0.0,D,0.0,0.0,16
440,441,1,C,1,0,0,,,,6.3902636610437185,,1399,65,0,,,,C,,,0
441,442,2,B,0,0,0,,,,6.915894279023632,,1405,65,0,,,,C,,,1
442,443,1,C,0,1,0,C,0.0,,16.72064937488176,9.362463745987043,668,65,1,,,1.0,B,1.0,,2
443,444,1,C,1,1,0,C,1.0,,23.24924027500674,16.15200945083052,323,65,1,,,1.0,C,0.0,,3
444,445,2,D,1,1,0,D,1.0,,15.388620127923787,7.819106583017856,2337,65,1,,,1.0,D,0.0,,4
445,446,3,A,1,0,0,,,,12.381324540823698,,1228,65,0,,,,A,,,5
446,447,4,B,1,1,0,B,1.0,,34.9108441430144,20.646523247938603,1592,65,1,,,1.0,B,0.0,,6
447,448,1,D,0,1,0,D,0.0,,110.85166414896958,85.30476306704804,681,64,1,,,1.0,B,1.0,,0
448,449,5,B,1,1,0,B,1.0,,12.173356191022322,7.328303148970008,2949,65,1,,,1.0,B,0.0,,7
449,450,6,C,1,1,0,C,1.0,,39.89890488097444,34.8499498909805,2290,65,1,,,1.0,C,0.0,,8
450,451,7,C,1,1,0,C,1.0,,14.150369253009558,3.027415192918852,557,65,1,,,1.0,C,0.0,,9
451,452,8,C,1,1,0,C,1.0,,35.65599395008758,28.91837040381506,2978,65,1,,,1.0,C,0.0,,10
452,453,9,A,1,1,0,B,0.0,,33.88783121295273,26.365537130041048,2469,65,1,,,0.0,A,0.0,,11
453,454,10,C,1,1,0,C,1.0,,36.50833362899721,14.499996325932443,2978,65,1,,,1.0,C,0.0,,12
454,455,11,A,1,1,0,A,1.0,,48.15818650810979,40.30712266708724,2537,65,1,,,1.0,A,0.0,,13
455,456,12,A,1,1,0,D,0.0,,22.76272759307176,15.945775608997792,3016,65,1,,,0.0,A,0.0,,14
456,457,1,D,1,1,0,D,1.0,,78.41939581884071,32.20320853102021,1774,66,1,,,1.0,D,0.0,,0
457,458,2,D,0,1,0,D,0.0,,17.700102920876816,5.713748591952026,314,66,1,,,1.0,C,1.0,,1
458,459,1,B,1,0,0,,,,13.287205450003967,,2271,67,0,,,,B,,,0
459,460,2,B,1,1,0,B,1.0,,86.95035211299546,70.04900125018321,2329,67,1,,,1.0,B,0.0,,1
460,461,3,D,1,1,0,D,1.0,,14.907988792983815,5.340961151057854,119,67,1,,,1.0,D,0.0,,2
461,462,4,A,1,1,0,B,0.0,,73.21805202402174,66.07403756398708,2344,67,1,,,0.0,A,0.0,,3
462,463,5,B,1,1,0,B,1.0,,51.642598203150555,42.00198056991212,153,67,1,,,1.0,B,0.0,,4
463,464,6,C,1,1,0,D,0.0,,81.15594250499271,39.37954366393387,1728,67,1,,,0.0,C,0.0,,5
464,465,1,C,1,1,0,C,1.0,,41.92876542103477,33.245235964190215,2021,68,1,,,1.0,C,0.0,,0
465,466,2,A,0,1,0,D,0.0,,47.53316358407028,35.77234682091512,2350,68,1,,,0.0,C,0.0,,1
466,467,1,C,1,1,0,C,1.0,,20.107587527949363,12.921671427087858,1679,68,1,,,1.0,C,0.0,,2
467,468,2,C,0,0,1,C,0.0,B,25.30583102698438,14.873311653034762,151,68,1,1.0,1.0,1.0,B,1.0,1.0,3
468,469,1,C,1,0,0,,,,9.352047815918922,,2795,68,0,,,,C,,,4
469,470,2,D,1,1,0,D,1.0,,14.482792824972421,6.721192216034979,2998,68,1,,,1.0,D,0.0,,5
470,471,3,D,0,0,1,B,1.0,C,25.15315030491911,4.381846725940704,1206,68,1,1.0,0.0,0.0,B,0.0,0.0,6
471,472,3,D,1,0,0,,,,14.204725604970008,,1611,68,0,,,,D,,,7
472,473,4,C,1,0,0,,,,7.752918467856944,,882,68,0,,,,C,,,8
473,474,5,B,0,0,1,B,0.0,C,47.10178586700931,40.578621385851875,1368,68,1,1.0,1.0,1.0,C,1.0,1.0,9
474,475,3,D,0,0,0,,,,22.856320777209476,,1694,68,0,,,,C,,,10
475,476,3,A,1,0,0,,,,6.436783165903762,,511,68,0,,,,A,,,11
476,477,4,D,1,1,0,D,1.0,,16.18551866407506,9.293279570061713,2751,68,1,,,1.0,D,0.0,,12
477,478,5,C,1,1,0,C,1.0,,21.625761118950322,16.31129225110635,141,68,1,,,1.0,C,0.0,,13
478,479,6,B,1,0,1,B,1.0,A,25.559144509024918,15.601106254849583,1629,68,1,1.0,1.0,1.0,B,0.0,0.0,14
479,480,7,C,1,0,1,B,0.0,C,13.64399167499505,8.757132400991395,169,68,1,0.0,0.0,0.0,C,0.0,0.0,15
480,481,8,C,1,0,1,D,0.0,C,7.711960854008794,2.186950884060934,2908,68,1,0.0,0.0,0.0,C,0.0,0.0,16
481,482,9,C,0,0,1,A,0.0,C,16.076452772133052,10.247587985824794,2972,68,1,0.0,0.0,0.0,B,0.0,0.0,17
482,483,8,C,1,0,1,C,1.0,A,12.12460017297417,4.5619012718088925,1122,68,1,1.0,1.0,1.0,C,0.0,0.0,18
483,484,9,D,1,0,0,,,,4.140501769026741,,1636,68,0,,,,D,,,19
484,485,10,C,1,0,0,,,,7.334382356144488,,2436,68,0,,,,C,,,20
485,486,11,B,0,1,0,B,0.0,,13.337219850160182,6.06772108678706,2118,68,1,,,1.0,C,1.0,,21
486,487,8,A,0,0,1,A,0.0,C,12.430039067054167,5.346404933836311,2985,68,1,1.0,1.0,1.0,C,1.0,1.0,22
487,488,8,A,0,0,1,C,1.0,A,10.647954476065934,2.8271783250384033,1803,68,1,0.0,0.0,0.0,C,0.0,0.0,23
488,489,8,C,0,0,1,A,1.0,C,6.1848354721441865,2.9482789980247617,2938,68,1,0.0,0.0,0.0,A,0.0,0.0,24
489,490,8,C,0,0,1,A,1.0,D,9.361190012888983,4.38725203787908,1672,68,1,1.0,0.0,0.0,A,0.0,0.0,25
490,491,8,C,1,0,0,,,,4.936875496990979,,1504,68,0,,,,C,,,26
491,492,9,D,1,0,1,A,0.0,D,13.536748982034624,8.131410730071366,119,68,1,0.0,0.0,0.0,D,0.0,0.0,27
492,493,10,B,1,0,0,,,,5.596947619924322,,889,68,0,,,,B,,,28
493,494,11,A,0,0,0,,,,11.309676501899958,,1055,68,0,,,,B,,,29
494,495,8,A,0,0,0,,,,9.435538695892319,,1328,68,0,,,,B,,,30
495,496,8,C,1,0,0,,,,4.149502132087946,,226,68,0,,,,C,,,31
496,497,9,B,1,0,1,C,0.0,B,10.639349519042298,2.004907652968541,1109,68,1,0.0,0.0,0.0,B,0.0,0.0,32
497,498,10,B,1,0,0,,,,12.19818163011223,,951,68,0,,,,B,,,33
498,499,11,A,1,0,1,B,0.0,A,17.59616745193489,4.906461172970012,1586,68,1,0.0,0.0,0.0,A,0.0,0.0,34
499,500,12,B,1,0,0,,,,7.1369255350437015,,1779,68,0,,,,B,,,35
500,501,1,B,1,1,0,B,1.0,,35.36945028696209,23.64738541492261,165,69,1,,,1.0,B,0.0,,0
501,502,2,A,1,0,0,,,,4.678376829950139,,2470,69,0,,,,A,,,1
502,503,3,A,0,0,1,C,1.0,A,18.666686793090776,10.193458382040262,679,69,1,0.0,0.0,0.0,C,0.0,0.0,2
503,504,3,C,1,0,1,B,0.0,C,7.943641782971099,2.523613062920049,1459,69,1,0.0,0.0,0.0,C,0.0,0.0,3
504,505,4,C,1,0,0,,,,3.7556771081872284,,1446,69,0,,,,C,,,4
505,506,5,C,1,0,1,A,0.0,C,10.905949043808505,6.262788125080988,1395,69,1,0.0,0.0,0.0,C,0.0,0.0,5
506,507,6,A,0,0,1,B,1.0,A,8.887040915898979,1.5035040669608861,1084,69,1,0.0,0.0,0.0,B,0.0,0.0,6
507,508,3,B,1,0,0,,,,13.858380444115028,,760,69,0,,,,B,,,7
508,509,4,B,1,0,1,C,0.0,B,6.926552668912336,2.1928842950146645,25,69,1,0.0,0.0,0.0,B,0.0,0.0,8
509,510,5,A,1,0,1,C,0.0,A,5.257787314010784,1.487982123857364,2740,69,1,0.0,0.0,0.0,A,0.0,0.0,9
510,511,6,B,0,0,0,,,,13.737259969115257,,2,69,0,,,,D,,,10
511,512,3,C,1,0,0,,,,5.257647098973393,,3002,69,0,,,,C,,,11
512,513,4,D,1,0,1,B,0.0,D,5.348878056975082,2.124964214861393,1665,69,1,0.0,0.0,0.0,D,0.0,0.0,12
513,514,5,B,0,1,0,D,1.0,,16.095343504101038,7.495732529088855,1075,69,1,,,0.0,D,0.0,,13
514,515,3,C,0,0,1,B,1.0,C,8.680234025930986,1.6537261889316142,1392,69,1,0.0,0.0,0.0,B,0.0,0.0,14
515,516,3,D,1,0,1,C,0.0,D,6.742701466195285,1.449153529945761,919,69,1,0.0,0.0,0.0,D,0.0,0.0,15
516,517,4,D,1,0,0,,,,4.628518683137372,,2977,69,0,,,,D,,,16
517,518,5,C,1,1,0,C,1.0,,7.420195518992841,1.932665000203997,2984,69,1,,,1.0,C,0.0,,17
518,519,6,C,1,0,0,,,,3.6841202438808978,,1269,69,0,,,,C,,,18
519,520,7,D,1,0,0,,,,6.59394411300309,,2409,69,0,,,,D,,,19
520,521,8,B,1,0,0,,,,8.073653618106619,,525,69,0,,,,B,,,20
521,522,9,A,1,0,0,,,,4.21514227706939,,2130,69,0,,,,A,,,21
522,523,10,A,1,1,0,A,1.0,,13.135738583048806,8.421982089988887,2432,69,1,,,1.0,A,0.0,,22
523,524,11,C,1,0,1,D,0.0,C,5.912109550088644,2.2648673912044615,1351,69,1,0.0,0.0,0.0,C,0.0,0.0,23
524,525,12,C,1,0,1,A,0.0,C,6.494888682151213,1.7077348760794848,91,69,1,0.0,0.0,0.0,C,0.0,0.0,24
525,526,1,C,0,1,0,C,0.0,,17.3277249049861,9.046156765893102,2457,70,1,,,1.0,D,1.0,,0
526,527,1,B,1,1,0,B,1.0,,33.14625191804953,23.884170872857794,748,71,1,,,1.0,B,0.0,,0
527,528,2,D,1,1,0,D,1.0,,87.51653281110339,71.23809688002802,446,71,1,,,1.0,D,0.0,,1
528,529,3,B,0,1,0,B,0.0,,41.74919389281422,24.292772585060447,881,71,1,,,1.0,A,1.0,,2
529,530,3,C,0,1,0,C,0.0,,39.29802063992247,22.890934088965878,870,71,1,,,1.0,A,1.0,,3
530,531,3,C,0,1,0,C,0.0,,30.71566969086416,12.17139600100927,2733,71,1,,,1.0,D,1.0,,4
531,532,3,C,1,0,0,,,,15.54442674596794,,357,71,0,,,,C,,,5
532,533,4,B,1,1,0,B,1.0,,36.96651852200739,16.554024297976866,2647,71,1,,,1.0,B,0.0,,6
533,534,5,D,1,0,1,C,0.0,D,24.578187049133703,11.930981218116358,2638,71,1,0.0,0.0,0.0,D,0.0,0.0,7
534,535,6,A,1,1,0,B,0.0,,93.58628323604353,79.55774219310842,1672,71,1,,,0.0,A,0.0,,8
535,536,7,C,1,0,0,,,,7.853446166031063,,3004,71,0,,,,C,,,9
536,537,8,B,1,0,1,C,0.0,B,30.700138282962143,5.004678471945226,2099,71,1,0.0,0.0,0.0,B,0.0,0.0,10
537,538,9,D,1,0,1,B,0.0,D,70.35968431201763,7.780705258017406,2958,71,1,0.0,0.0,0.0,D,0.0,0.0,11
538,539,10,C,1,1,0,D,0.0,,65.89845847897232,47.99803191702813,1048,71,1,,,0.0,C,0.0,,12
539,540,11,D,1,1,0,A,0.0,,15.44803832191974,5.942609217017889,746,71,1,,,0.0,D,0.0,,13
540,541,12,B,1,1,0,B,1.0,,58.24420987209305,5.137123685097322,747,71,1,,,1.0,B,0.0,,14
541,542,1,B,1,0,0,,,,14.601759281940758,,2565,72,0,,,,B,,,0
542,543,2,A,0,1,0,C,0.0,,33.12275268184021,18.79926022607833,280,72,1,,,0.0,D,0.0,,1
543,544,1,C,1,0,1,B,0.0,C,26.824086748994887,18.568342942046,538,74,1,0.0,0.0,0.0,C,0.0,0.0,0
544,545,1,A,1,1,0,A,1.0,,21.813176419818774,13.461050725076348,2144,75,1,,,1.0,A,0.0,,0
545,546,2,B,1,1,0,B,1.0,,16.805641087004915,9.062204243149608,2644,75,1,,,1.0,B,0.0,,1
546,547,3,B,1,0,1,A,0.0,B,30.746485718060285,25.698869860963896,2955,75,1,0.0,0.0,0.0,B,0.0,0.0,2
547,548,4,D,1,1,0,D,1.0,,20.406736188102514,11.906030267942697,378,75,1,,,1.0,D,0.0,,3
548,549,5,A,1,1,0,A,1.0,,39.136263887863606,9.930251779966056,2249,75,1,,,1.0,A,0.0,,4
549,550,6,B,1,1,0,B,1.0,,24.059561943169683,20.02354144700803,505,75,1,,,1.0,B,0.0,,5
550,551,7,B,1,0,0,,,,11.391446765046567,,1411,75,0,,,,B,,,6
551,552,8,A,1,1,0,A,1.0,,35.62986375903711,29.901480808854103,471,75,1,,,1.0,A,0.0,,7
552,553,9,A,1,1,0,A,1.0,,15.989172695903108,9.84532624995336,637,75,1,,,1.0,A,0.0,,8
553,554,10,C,1,0,0,,,,6.412198979174718,,502,75,0,,,,C,,,9
554,555,11,A,1,1,0,A,1.0,,17.5113021240104,8.381929464871064,2469,75,1,,,1.0,A,0.0,,10
555,556,12,A,1,0,1,C,0.0,A,24.07759865419939,18.31862359191291,1887,75,1,0.0,0.0,0.0,A,0.0,0.0,11
556,557,1,A,1,1,0,D,0.0,,59.63140513608232,52.28615256212652,385,76,1,,,0.0,A,0.0,,0
557,558,2,D,0,1,0,D,0.0,,36.08296885504387,29.659840756095946,645,76,1,,,1.0,B,1.0,,1
558,559,1,B,1,1,0,B,1.0,,58.959882421884686,56.52717020898126,2914,76,1,,,1.0,B,0.0,,2
559,560,2,B,1,1,0,D,0.0,,25.81641931901686,22.144522375892848,41,76,1,,,0.0,B,0.0,,3
560,561,3,B,1,1,0,D,0.0,,18.228444721084088,13.991688747890294,1252,76,1,,,0.0,B,0.0,,4
561,562,4,B,1,1,0,B,1.0,,27.399835780030116,23.658631133148447,2324,76,1,,,1.0,B,0.0,,5
562,563,5,C,1,1,0,C,1.0,,27.35425383481197,18.218723580008373,880,76,1,,,1.0,C,0.0,,6
563,564,6,A,1,1,0,A,1.0,,44.494402362033725,39.137915425002575,2156,76,1,,,1.0,A,0.0,,7
564,565,1,D,0,0,0,,,,9.340756208170205,,1311,77,0,,,,C,,,0
565,566,1,A,0,0,0,,,,7.262263880111277,,1741,77,0,,,,B,,,1
566,567,1,C,0,0,0,,,,9.241974757052958,,770,77,0,,,,A,,,2
567,568,1,C,1,0,1,D,0.0,C,22.861376349115744,15.041590644046664,740,77,1,0.0,0.0,0.0,C,0.0,0.0,3
568,569,2,B,0,0,1,C,1.0,B,14.546566752018407,6.348409241065383,2398,77,1,0.0,0.0,0.0,C,0.0,0.0,4
569,570,1,A,1,0,0,,,,5.7403632218483835,,1539,77,0,,,,A,,,5
570,571,2,D,0,0,1,C,1.0,D,8.871203850954771,2.551403633086011,2562,77,1,0.0,0.0,0.0,C,0.0,0.0,6
571,572,1,B,0,0,0,,,,30.61128263291903,,2350,77,0,,,,C,,,7
572,573,1,A,0,0,0,,,,6.416160762077197,,2889,77,0,,,,B,,,8
573,574,1,D,1,0,1,A,0.0,D,14.976429797941819,7.508196844020858,23,77,1,0.0,0.0,0.0,D,0.0,0.0,9
574,575,2,D,1,1,0,D,1.0,,27.01326332986355,7.737755139125511,26,77,1,,,1.0,D,0.0,,10
575,576,3,B,0,1,0,B,0.0,,17.17686288501136,6.717583911027759,2697,77,1,,,1.0,C,1.0,,11
576,577,3,C,0,0,1,D,1.0,C,12.202965416945517,2.1314166109077632,1912,77,1,0.0,0.0,0.0,D,0.0,0.0,12
577,578,3,A,0,0,1,B,0.0,A,11.014875432942063,2.3487330379430205,2450,77,1,0.0,0.0,0.0,D,0.0,0.0,13
578,579,3,D,1,0,1,B,0.0,D,12.99099324294366,2.056863313075155,782,77,1,0.0,0.0,0.0,D,0.0,0.0,14
579,580,4,B,1,1,0,B,1.0,,17.454367940081283,9.303656437899917,669,77,1,,,1.0,B,0.0,,15
580,581,5,D,0,0,0,,,,5.963724561966956,,902,77,0,,,,A,,,16
581,582,3,D,0,0,1,B,1.0,D,12.321074549807236,1.8070096338633448,2065,77,1,0.0,0.0,0.0,B,0.0,0.0,17
582,583,3,A,0,0,1,B,1.0,A,17.673584546195343,1.7170909740962088,2188,77,1,0.0,0.0,0.0,B,0.0,0.0,18
583,584,3,A,1,0,0,,,,12.290451252833009,,2834,77,0,,,,A,,,19
584,585,4,A,0,0,0,,,,7.801880097948015,,2042,77,0,,,,B,,,20
585,586,7,B,1,1,0,C,0.0,,567.541800621897,542.9517601120751,813,76,1,,,0.0,B,0.0,,8
586,587,3,A,1,0,0,,,,3.729193725856021,,430,77,0,,,,A,,,21
587,588,4,B,1,0,1,D,0.0,B,7.100538416067138,2.1804856690578163,1135,77,1,0.0,0.0,0.0,B,0.0,0.0,22
588,589,5,B,0,0,1,C,1.0,B,13.53584606689401,1.9800763509701937,2234,77,1,0.0,0.0,0.0,C,0.0,0.0,23
589,590,8,B,1,1,0,B,1.0,,11.489793885033578,6.056172608863562,1704,76,1,,,1.0,B,0.0,,9
590,591,3,D,0,0,1,C,1.0,D,14.28550872206688,1.8100648480467498,821,77,1,0.0,0.0,0.0,C,0.0,0.0,24
591,592,3,B,1,0,0,,,,6.823569884058088,,1197,77,0,,,,B,,,25
592,593,9,D,1,1,0,D,1.0,,22.221553839975968,17.67977518797852,1119,76,1,,,1.0,D,0.0,,10
593,594,4,B,1,0,0,,,,7.400954869110137,,2413,77,0,,,,B,,,26
594,595,10,C,1,1,0,A,0.0,,8.435289785033092,5.19403431401588,244,76,1,,,0.0,C,0.0,,11
595,596,5,D,1,0,1,D,1.0,B,10.696414266014472,4.787248163949698,2751,77,1,1.0,1.0,1.0,D,0.0,0.0,27
596,597,11,A,0,1,0,A,0.0,,15.888338046846911,12.076528287027031,898,76,1,,,1.0,C,1.0,,12
597,598,6,B,1,0,1,B,1.0,D,23.27434783685021,6.413684204919264,2856,77,1,1.0,1.0,1.0,B,0.0,0.0,28
598,599,7,B,1,1,0,B,1.0,,12.50032576196827,2.471483723958954,2845,77,1,,,1.0,B,0.0,,29
599,600,8,C,1,0,1,C,1.0,A,15.898489005165175,3.992228864924982,549,77,1,1.0,1.0,1.0,C,0.0,0.0,30
600,601,9,D,0,0,1,D,0.0,B,25.63900171313435,7.258497918955982,1444,77,1,1.0,1.0,1.0,B,1.0,1.0,31
601,602,8,B,0,0,0,,,,8.297673434019089,,1466,77,0,,,,C,,,32
602,603,8,D,0,0,1,D,0.0,B,9.681184048997238,2.3470131349749863,1931,77,1,1.0,1.0,1.0,B,1.0,1.0,33
603,604,8,B,0,0,1,B,0.0,D,11.05399935808964,3.4105970771051943,1490,77,1,1.0,1.0,1.0,C,1.0,0.0,34
604,605,8,C,1,0,0,,,,5.686422539874911,,2880,77,0,,,,C,,,35
605,606,9,B,0,0,0,,,,9.32692601904273,,703,77,0,,,,A,,,36
606,607,8,C,1,0,1,D,0.0,C,1442.0647661311086,9.40275522111915,684,77,1,0.0,0.0,0.0,C,0.0,0.0,37
607,608,9,B,1,0,0,,,,4.7067133381497115,,3028,77,0,,,,B,,,38
608,609,10,C,1,0,1,D,0.0,C,46.62320405803621,4.991365593858063,2909,77,1,0.0,0.0,0.0,C,0.0,0.0,39
609,610,11,B,0,1,0,B,0.0,,28.280220740940422,12.400479160947725,2786,77,1,,,1.0,D,1.0,,40
610,611,8,A,0,0,0,,,,14.917964900145307,,211,77,0,,,,C,,,41
611,612,8,B,1,0,1,D,0.0,B,7.096351069165394,2.0233470890671015,609,77,1,0.0,0.0,0.0,B,0.0,0.0,42
612,613,9,D,0,0,0,,,,10.48575578792952,,2857,77,0,,,,B,,,43
613,614,8,A,1,0,0,,,,9.527412676019594,,1469,77,0,,,,A,,,44
614,615,9,A,1,0,0,,,,6.348399014910683,,903,77,0,,,,A,,,45
615,616,10,A,0,0,0,,,,10.499095106031746,,1590,77,0,,,,C,,,46
616,617,1,C,0,1,0,C,0.0,,28.87618502904661,14.904441629070789,2924,78,1,,,1.0,B,1.0,,0
617,618,8,D,0,0,0,,,,2884.560554900905,,2912,77,0,,,,B,,,47
618,619,8,B,1,0,1,B,1.0,D,12.52148410701193,2.681185496971011,2891,77,1,1.0,1.0,1.0,B,0.0,0.0,48
619,620,9,C,0,0,1,C,0.0,A,18.26048818603158,3.8622931090649217,1959,77,1,1.0,1.0,1.0,B,1.0,0.0,49
620,621,8,B,0,0,0,,,,8.179670050973073,,2475,77,0,,,,A,,,50
621,622,8,A,0,0,1,A,0.0,B,15.32055896287784,7.531448853202164,2606,77,1,1.0,1.0,1.0,B,1.0,1.0,51
622,623,8,B,1,0,1,D,0.0,B,8.019822268979624,2.10905648721382,2480,77,1,0.0,0.0,0.0,B,0.0,0.0,52
623,624,9,C,1,0,0,,,,5.776007526088506,,2312,77,0,,,,C,,,53
624,625,10,A,0,0,1,C,0.0,A,20.759008777095005,1.614541192073375,1347,77,1,0.0,0.0,0.0,D,0.0,0.0,54
625,626,8,C,1,0,0,,,,10.391745710978284,,1248,77,0,,,,C,,,55
626,627,9,C,0,0,0,,,,9.825106553034857,,1896,77,0,,,,B,,,56
627,628,8,A,1,0,1,D,0.0,A,10.407416568836197,1.6316495870705694,1228,77,1,0.0,0.0,0.0,A,0.0,0.0,57
628,629,9,D,0,0,0,,,,5.586278384085745,,2775,77,0,,,,C,,,58
629,630,1,A,1,0,0,,,,12.242926873033866,,1553,73,0,,,,A,,,0
630,631,2,B,1,1,0,B,1.0,,32.821511845104396,24.835798823973164,2991,73,1,,,1.0,B,0.0,,1
631,632,3,A,0,0,1,A,0.0,D,23.266495140036568,13.020096553023905,1214,73,1,1.0,1.0,1.0,D,1.0,1.0,2
632,633,3,D,0,0,1,D,0.0,C,12.44247435987927,6.926717791007832,2377,73,1,1.0,1.0,1.0,C,1.0,1.0,3
633,634,3,B,1,1,0,B,1.0,,15.068912483053282,2.7428058481309563,1928,73,1,,,1.0,B,0.0,,4
634,635,4,D,1,0,1,D,1.0,C,23.06048748618923,15.085367663996294,2942,73,1,1.0,1.0,1.0,D,0.0,0.0,5
635,636,5,D,0,0,1,D,0.0,A,112.42418033792637,77.83711430616677,2074,73,1,1.0,1.0,1.0,A,1.0,1.0,6
636,637,3,D,0,0,0,,,,13.32469307212159,,2149,73,0,,,,B,,,7
637,638,3,A,0,1,0,A,0.0,,20.779920413857326,2.6804436510428786,1329,73,1,,,1.0,C,1.0,,8
638,639,3,C,1,0,1,D,0.0,C,15.814300225814804,9.400762643199414,2462,73,1,0.0,0.0,0.0,C,0.0,0.0,9
639,640,4,B,1,0,1,B,1.0,A,24.274803567910567,6.794228338869289,1010,73,1,1.0,1.0,1.0,B,0.0,0.0,10
640,641,5,A,0,1,0,A,0.0,,26.87560571404174,5.678057637065649,2648,73,1,,,1.0,C,1.0,,11
641,642,3,D,1,0,1,D,1.0,B,24.783110240008682,15.196573449065909,623,73,1,1.0,1.0,1.0,D,0.0,0.0,12
642,643,4,B,1,0,1,B,1.0,A,20.96240644901991,8.247302788076922,2857,73,1,1.0,1.0,1.0,B,0.0,0.0,13
643,644,5,D,1,0,0,,,,18.007927362807095,,247,73,0,,,,D,,,14
644,645,6,B,0,0,1,B,0.0,A,38.746584774926305,14.949600479798391,1453,73,1,1.0,1.0,1.0,A,1.0,1.0,15
645,646,3,C,1,0,0,,,,9.649577051168308,,2716,73,0,,,,C,,,16
646,647,4,D,0,0,0,,,,13.584843741962686,,1892,73,0,,,,B,,,17
647,648,3,A,1,0,0,,,,10.132266090018675,,2130,73,0,,,,A,,,18
648,649,4,C,1,0,1,A,0.0,C,17.254870411008596,10.546019457047805,2201,73,1,0.0,0.0,0.0,C,0.0,0.0,19
649,650,5,C,1,0,1,B,0.0,C,8.689262090949342,3.307343397056684,2539,73,1,0.0,0.0,0.0,C,0.0,0.0,20
650,651,6,C,0,0,1,D,1.0,C,65.04155786894262,20.488651803927496,1538,73,1,0.0,0.0,0.0,D,0.0,0.0,21
651,652,3,D,0,1,0,D,0.0,,28.537599618081003,6.400231251027435,214,73,1,,,1.0,C,1.0,,22
652,653,8,A,1,0,1,C,0.0,A,20.042836715001613,2.2576075510587543,2297,77,1,0.0,0.0,0.0,A,0.0,0.0,59
653,654,9,B,0,0,0,,,,16.73877033405006,,2117,77,0,,,,C,,,60
654,655,8,A,0,0,0,,,,11.868949913885444,,855,77,0,,,,B,,,61
655,656,8,C,1,0,0,,,,6.358068254077807,,2371,77,0,,,,C,,,62
656,657,9,C,0,0,0,,,,11.162733076140285,,1094,77,0,,,,A,,,63
657,658,8,A,1,0,1,C,0.0,A,16.80362629517913,2.189686848083511,338,77,1,0.0,0.0,0.0,A,0.0,0.0,64
658,659,9,A,0,0,1,C,1.0,A,7.605453888885677,2.0165418689139187,2667,77,1,0.0,0.0,0.0,C,0.0,0.0,65
659,660,8,B,1,0,0,,,,16.54392845905386,,2477,77,0,,,,B,,,66
660,661,9,B,1,0,1,C,0.0,B,9.912467525107786,3.1806688271462917,1324,77,1,0.0,0.0,0.0,B,0.0,0.0,67
661,662,10,C,0,0,0,,,,12.422118519898504,,1471,77,0,,,,A,,,68
662,663,8,D,1,0,0,,,,14.89011142309755,,2714,77,0,,,,D,,,69
663,664,9,C,1,0,0,,,,12.464743664953858,,1425,77,0,,,,C,,,70
664,665,10,B,1,0,1,D,0.0,B,7.378863282036036,1.9817314890678972,1516,77,1,0.0,0.0,0.0,B,0.0,0.0,71
665,666,11,B,1,0,1,D,0.0,B,161.5259060189128,1.745830737054348,170,77,1,0.0,0.0,0.0,B,0.0,0.0,72
666,667,12,B,1,0,1,A,0.0,B,37.13447402091697,3.4385691159404814,547,77,1,0.0,0.0,0.0,B,0.0,0.0,73
667,668,1,B,1,0,0,,,,11.710118843941018,,2196,80,0,,,,B,,,0
668,669,2,B,1,0,0,,,,6.0849158288910985,,1412,80,0,,,,B,,,1
669,670,3,B,0,0,1,B,0.0,A,17.696441265987232,4.374004655051976,1023,80,1,1.0,1.0,1.0,C,1.0,0.0,2
670,671,3,C,1,1,0,C,1.0,,25.271302312146872,5.26053542480804,1360,80,1,,,1.0,C,0.0,,3
671,672,4,B,0,0,1,B,0.0,C,17.848044004058465,6.426151669118553,1492,80,1,1.0,1.0,1.0,D,1.0,0.0,4
672,673,3,A,0,0,0,,,,8.333861673017964,,2793,80,0,,,,D,,,5
673,674,3,B,1,0,0,,,,7.048067859141156,,1650,80,0,,,,B,,,6
674,675,4,C,0,0,0,,,,8.727878891862929,,2561,80,0,,,,D,,,7
675,676,3,A,1,0,0,,,,12.734951053047553,,2493,80,0,,,,A,,,8
676,677,4,A,1,1,0,A,1.0,,10.261019343975931,3.4848525791894644,129,80,1,,,1.0,A,0.0,,9
677,678,5,C,1,0,0,,,,7.669874283950776,,376,80,0,,,,C,,,10
678,679,6,C,1,0,1,C,1.0,D,17.43016239302233,7.941724698990583,882,80,1,1.0,1.0,1.0,C,0.0,0.0,11
679,680,7,C,1,1,0,C,1.0,,24.78030192409642,3.431683818111196,1247,80,1,,,1.0,C,0.0,,12
680,681,1,B,1,0,0,,,,7.96311980090104,,2352,81,0,,,,B,,,0
681,682,2,B,1,0,1,A,0.0,B,58.09665877907537,41.59787757694721,2627,81,1,0.0,0.0,0.0,B,0.0,0.0,1
682,683,3,A,1,0,1,B,0.0,A,54.75949059613049,17.444764690939337,2488,81,1,0.0,0.0,0.0,A,0.0,0.0,2
683,684,4,D,1,0,0,,,,23.00578323402442,,486,81,0,,,,D,,,3
684,685,5,A,0,0,0,,,,71.29885934991762,,532,81,0,,,,D,,,4
685,686,3,C,1,0,1,A,0.0,C,36.688793040113524,14.07492722896859,487,81,1,0.0,0.0,0.0,C,0.0,0.0,5
686,687,4,B,1,0,1,C,0.0,B,12.614645519061014,3.7567126790527254,1241,81,1,0.0,0.0,0.0,B,0.0,0.0,6
687,688,5,D,1,0,1,D,1.0,B,63.0560786020942,25.205565041862428,3026,81,1,1.0,1.0,1.0,D,0.0,0.0,7
688,689,6,A,1,0,0,,,,37.91503818286583,,555,81,0,,,,A,,,8
689,690,7,A,1,1,0,A,1.0,,67.09776019095443,17.385135819902644,1683,81,1,,,1.0,A,0.0,,9
690,691,8,D,0,0,0,,,,13.578197089023888,,1998,81,0,,,,B,,,10
691,692,8,D,1,0,0,,,,15.348428988130763,,1427,81,0,,,,D,,,11
692,693,9,B,0,0,1,B,0.0,A,35.31866361410357,13.688578645000234,1188,81,1,1.0,1.0,1.0,C,1.0,0.0,12
693,694,8,B,0,0,1,D,0.0,B,30.75021327403374,9.360994367860258,1345,81,1,0.0,0.0,0.0,C,0.0,0.0,13
694,695,8,C,0,1,0,D,0.0,,67.34573096991517,28.434913659933954,2272,81,1,,,0.0,B,0.0,,14
695,696,8,B,1,1,0,D,0.0,,28.232133293990046,12.107220644829795,1169,81,1,,,0.0,B,0.0,,15
696,697,9,B,1,1,0,B,1.0,,23.820052975788713,9.261495593003929,809,81,1,,,1.0,B,0.0,,16
697,698,10,B,0,1,0,B,0.0,,38.31653213687241,17.97837269003503,2456,81,1,,,1.0,D,1.0,,17
698,699,8,D,0,0,1,B,1.0,D,23.825233838986605,4.21113819302991,412,81,1,0.0,0.0,0.0,B,0.0,0.0,18
699,700,8,D,0,1,0,D,0.0,,28.027753948932514,11.069944708840922,942,81,1,,,1.0,A,1.0,,19
700,701,8,A,0,1,0,B,0.0,,34.15744055295363,19.403790385928005,2984,81,1,,,0.0,C,0.0,,20
701,702,8,D,1,0,0,,,,6.5300644799135625,,1476,81,0,,,,D,,,21
702,703,9,C,0,0,0,,,,16.245213998947293,,2140,81,0,,,,B,,,22
703,704,8,B,1,0,1,C,0.0,B,34.846264672931284,11.103672093013301,1035,81,1,0.0,0.0,0.0,B,0.0,0.0,23
704,705,9,C,0,0,1,B,1.0,C,65.71796267898753,22.687619691016153,2560,81,1,0.0,0.0,0.0,B,0.0,0.0,24
705,706,8,C,1,0,0,,,,18.74974953988567,,2063,81,0,,,,C,,,25
706,707,9,C,1,1,0,C,1.0,,21.215446518966928,9.042199939955026,457,81,1,,,1.0,C,0.0,,26
707,708,10,C,1,1,0,C,1.0,,42.48640372091904,26.526129537029192,1637,81,1,,,1.0,C,0.0,,27
708,709,11,C,0,1,0,C,0.0,,25.466512684943154,15.781744790030643,2921,81,1,,,1.0,A,1.0,,28
709,710,8,C,1,0,0,,,,23.438809043029323,,2824,81,0,,,,C,,,29
710,711,9,B,1,1,0,C,0.0,,27.48889728100039,10.302311968058348,595,81,1,,,0.0,B,0.0,,30
711,712,1,A,1,0,0,,,,41.96296627307311,,484,82,0,,,,A,,,0
712,713,10,C,1,1,0,B,0.0,,53.918069476028904,31.92320698313415,1247,81,1,,,0.0,C,0.0,,31
713,714,2,B,1,0,1,C,0.0,B,56.39836311293766,36.740548038855195,1463,82,1,0.0,0.0,0.0,B,0.0,0.0,1
714,715,3,C,1,0,1,B,0.0,C,46.19325543497689,15.231418313924223,2785,82,1,0.0,0.0,0.0,C,0.0,0.0,2
715,716,4,A,1,0,0,,,,33.58493526582606,,231,82,0,,,,A,,,3
716,717,11,C,1,1,0,A,0.0,,122.38515195809305,98.28421584912576,406,81,1,,,0.0,C,0.0,,32
717,718,5,C,1,0,0,,,,20.707618614193052,,2640,82,0,,,,C,,,4
718,719,12,D,1,1,0,C,0.0,,35.061283299932256,24.39682697504759,1543,81,1,,,0.0,D,0.0,,33
719,720,6,B,1,0,1,D,0.0,B,83.48738304316066,5.708772872108966,2186,82,1,0.0,0.0,0.0,B,0.0,0.0,5
720,721,7,B,1,0,0,,,,30.444735266035423,,1319,82,0,,,,B,,,6
721,722,1,D,0,0,1,B,1.0,D,10.25906949187629,2.216917143203318,2388,83,1,0.0,0.0,0.0,B,0.0,0.0,0
722,723,1,D,0,0,0,,,,10.80291693401523,,2012,83,0,,,,C,,,1
723,724,1,D,0,0,1,B,0.0,C,9.313686694018543,2.2051302620675415,1618,83,1,1.0,0.0,0.0,C,0.0,0.0,2
724,725,1,D,0,0,1,D,0.0,B,9.398105002008379,1.7226637981366366,274,83,1,1.0,1.0,1.0,B,1.0,1.0,3
725,726,1,B,1,0,1,D,0.0,B,5.452220105798915,1.7700057269539684,1422,83,1,0.0,0.0,0.0,B,0.0,0.0,4
726,727,2,C,1,0,1,D,0.0,C,10.26587226591073,1.9617227220442146,2377,83,1,0.0,0.0,0.0,C,0.0,0.0,5
727,728,3,D,1,0,1,D,1.0,C,18.23168901214376,2.72874659486115,1451,83,1,1.0,1.0,1.0,D,0.0,0.0,6
728,729,4,D,1,0,0,,,,10.849586378084496,,2512,83,0,,,,D,,,7
729,730,5,D,1,0,0,,,,36.60630673007108,,2849,83,0,,,,D,,,8
730,731,6,C,0,0,1,C,0.0,B,18.927406833972782,10.930533370003104,1312,83,1,1.0,1.0,1.0,A,1.0,0.0,9
731,732,3,B,0,0,0,,,,8.458178702974692,,845,83,0,,,,D,,,10
732,733,3,A,0,0,0,,,,7.139719191938639,,1592,83,0,,,,B,,,11
733,734,3,D,1,0,0,,,,7.6726036770269275,,2369,83,0,,,,D,,,12
734,735,4,A,0,0,1,D,0.0,A,17.02526425407268,1.7457302890252322,1522,83,1,0.0,0.0,0.0,B,0.0,0.0,13
735,736,3,D,1,0,1,D,1.0,C,8.89699806086719,3.4199733899440616,2934,83,1,1.0,1.0,1.0,D,0.0,0.0,14
736,737,4,D,1,0,1,A,0.0,D,7.08015094907023,2.0100095609668642,2549,83,1,0.0,0.0,0.0,D,0.0,0.0,15
737,738,5,C,1,0,0,,,,6.3096150970086455,,1868,83,0,,,,C,,,16
738,739,6,C,0,0,1,A,0.0,C,19.483275800012052,6.8694383159745485,1497,83,1,0.0,0.0,0.0,D,0.0,0.0,17
739,740,3,A,1,0,1,A,1.0,B,22.87552792392671,2.2716207618359476,1683,83,1,1.0,1.0,1.0,A,0.0,0.0,18
740,741,4,B,1,0,0,,,,7.031483874190599,,1971,83,0,,,,B,,,19
741,742,5,C,1,0,1,D,0.0,C,10.553601294988766,2.952741337940097,1177,83,1,0.0,0.0,0.0,C,0.0,0.0,20
742,743,6,D,0,0,0,,,,9.68338495818898,,1094,83,0,,,,A,,,21
743,744,3,D,1,0,1,B,0.0,D,10.943349502049387,1.8198277920018882,666,83,1,0.0,0.0,0.0,D,0.0,0.0,22
744,745,4,A,1,0,1,B,0.0,A,8.495889235986397,1.5927961629349738,495,83,1,0.0,0.0,0.0,A,0.0,0.0,23
745,746,5,D,1,0,0,,,,22.61225483403541,,1179,83,0,,,,D,,,24
746,747,6,C,0,0,1,C,0.0,A,20.637358694104478,3.641378837870434,1564,83,1,1.0,1.0,1.0,D,1.0,0.0,25
747,748,1,B,1,0,1,D,0.0,B,43.32186788506806,33.9298203161452,597,84,1,0.0,0.0,0.0,B,0.0,0.0,0
748,749,2,C,1,0,0,,,,5.393643032060936,,795,84,0,,,,C,,,1
749,750,3,D,0,1,0,D,0.0,,59.20149358198978,52.177147682989016,2052,84,1,,,1.0,B,1.0,,2
750,751,3,C,1,1,0,B,0.0,,103.46020759711973,95.67012821300887,162,84,1,,,0.0,C,0.0,,3
751,752,4,C,1,0,0,,,,6.549342117039487,,1056,84,0,,,,C,,,4
752,753,5,C,1,0,0,,,,6.703182486118749,,2442,84,0,,,,C,,,5
753,754,6,B,1,0,1,C,0.0,B,58.53540863003582,14.365593002876267,403,84,1,0.0,0.0,0.0,B,0.0,0.0,6
754,755,7,A,1,0,0,,,,35.19848663196899,,942,84,0,,,,A,,,7
755,756,8,C,1,0,0,,,,6.321121921064332,,2014,84,0,,,,C,,,8
756,757,9,D,1,0,0,,,,7.26137570803985,,1611,84,0,,,,D,,,9
757,758,10,B,1,0,0,,,,6.384690746897832,,1885,84,0,,,,B,,,10
758,759,11,C,0,0,0,,,,9.038125552004203,,1156,84,0,,,,B,,,11
759,760,8,B,1,0,1,D,0.0,B,33.69693975499831,5.89236765098758,1546,84,1,0.0,0.0,0.0,B,0.0,0.0,12
760,761,9,C,1,0,0,,,,7.929761882871389,,1282,84,0,,,,C,,,13
761,762,10,B,1,0,0,,,,4.280600066995248,,1184,84,0,,,,B,,,14
762,763,11,D,1,0,0,,,,4.774182931985706,,1804,84,0,,,,D,,,15
763,764,12,B,1,0,1,C,0.0,B,11.598783915862441,6.022067785030231,2289,84,1,0.0,0.0,0.0,B,0.0,0.0,16
764,765,1,B,0,1,0,C,0.0,,25.683716708095744,9.235444549005479,302,86,1,,,0.0,D,0.0,,0
765,766,1,D,1,0,0,,,,8.650919497013092,,2230,86,0,,,,D,,,1
766,767,2,B,1,0,0,,,,21.115522391861305,,287,86,0,,,,B,,,2
767,768,3,C,1,0,0,,,,11.664445473114029,,2822,86,0,,,,C,,,3
768,769,4,A,0,0,1,A,0.0,C,25.831868791021407,15.737445075064898,2745,86,1,1.0,1.0,1.0,C,1.0,1.0,4
769,770,3,C,0,0,1,C,0.0,D,22.532477502943948,11.7276841388084,2642,86,1,1.0,1.0,1.0,D,1.0,1.0,5
770,771,3,D,0,0,1,C,1.0,D,12.63349050283432,2.4222097429446876,2910,86,1,0.0,0.0,0.0,C,0.0,0.0,6
771,772,3,A,0,0,1,C,1.0,A,14.100884401006624,4.325244145002216,2861,86,1,0.0,0.0,0.0,C,0.0,0.0,7
772,773,3,D,0,0,1,C,0.0,D,10.841199249960482,2.98865064419806,1806,86,1,0.0,0.0,0.0,B,0.0,0.0,8
773,774,3,C,1,0,1,D,0.0,C,12.733221892034635,2.4907582039013505,136,86,1,0.0,0.0,0.0,C,0.0,0.0,9
774,775,4,A,1,1,0,A,1.0,,12.213102635927498,5.456025979015976,509,86,1,,,1.0,A,0.0,,10
775,776,5,C,1,1,0,C,1.0,,14.108539100037888,8.48019830393605,312,86,1,,,1.0,C,0.0,,11
776,777,6,A,1,1,0,A,1.0,,58.885110951028764,49.19217386515811,1696,86,1,,,1.0,A,0.0,,12
777,778,7,B,1,1,0,B,1.0,,21.950524522922933,14.286992135923356,1892,86,1,,,1.0,B,0.0,,13
778,779,8,D,1,0,0,,,,8.431980394991115,,891,86,0,,,,D,,,14
779,780,9,C,0,0,0,,,,16.644095942145213,,1577,86,0,,,,B,,,15
780,781,8,B,1,1,0,B,1.0,,14.96832277183421,2.4060931380372494,1657,86,1,,,1.0,B,0.0,,16
781,782,9,B,1,0,0,,,,5.683365571079776,,1349,86,0,,,,B,,,17
782,783,10,B,1,1,0,B,1.0,,8.39001873601228,3.859870824031532,860,86,1,,,1.0,B,0.0,,18
783,784,11,D,0,0,0,,,,7.88940623216331,,218,86,0,,,,A,,,19
784,785,8,D,0,0,1,D,0.0,C,8.748289281036705,3.527129851980135,2728,86,1,1.0,1.0,1.0,C,1.0,1.0,20
785,786,8,D,0,0,1,D,0.0,C,9.104219885077327,3.036618313053623,2603,86,1,1.0,1.0,1.0,C,1.0,1.0,21
786,787,8,C,1,0,1,B,0.0,C,5.697425816906616,1.7031130739487708,2431,86,1,0.0,0.0,0.0,C,0.0,0.0,22
787,788,9,A,0,1,0,C,1.0,,7.4329260238446295,2.5551300740335137,1435,86,1,,,0.0,C,0.0,,23
788,789,8,B,0,0,1,A,1.0,B,8.838513674912974,1.7215000400319695,1828,86,1,0.0,0.0,0.0,A,0.0,0.0,24
789,790,8,C,1,0,0,,,,5.672058827942237,,1644,86,0,,,,C,,,25
790,791,9,D,1,0,1,D,1.0,C,12.065134793054312,3.944022284122184,2418,86,1,1.0,1.0,1.0,D,0.0,0.0,26
791,792,10,C,1,0,1,B,0.0,C,6.645767654990777,1.4696715970057994,1883,86,1,0.0,0.0,0.0,C,0.0,0.0,27
792,793,11,C,1,0,0,,,,7.130712238838896,,1356,86,0,,,,C,,,28
793,794,12,C,1,0,1,B,0.0,C,19.04843642283231,8.077449616976082,550,86,1,0.0,0.0,0.0,C,0.0,0.0,29
794,795,1,A,0,0,0,,,,171735.60612572613,,1560,64,0,,,,D,,,1
795,796,1,B,1,0,1,C,0.0,B,19.891089576995,8.000610874965787,2454,64,1,0.0,0.0,0.0,B,0.0,0.0,2
796,797,2,A,1,0,1,D,0.0,A,34.36327678593807,23.58236744091846,981,64,1,0.0,0.0,0.0,A,0.0,0.0,3
797,798,3,B,1,0,1,C,0.0,B,25.277685581007972,11.95377832907252,1263,64,1,0.0,0.0,0.0,B,0.0,0.0,4
798,799,4,D,1,0,1,A,0.0,D,11.431665319018066,1.4484221818856895,119,64,1,0.0,0.0,0.0,D,0.0,0.0,5
799,800,5,D,0,0,1,B,0.0,D,10.973864170024171,1.8369596870616078,1202,64,1,0.0,0.0,0.0,C,0.0,0.0,6
800,801,3,C,0,0,0,,,,8.362314173020422,,469,64,0,,,,D,,,7
801,802,1,A,0,0,1,A,0.0,B,21.816040448844433,6.516055166022852,2360,87,1,1.0,1.0,1.0,B,1.0,1.0,0
802,803,1,B,0,1,0,B,0.0,,22.401530880015343,7.083616016199812,81,88,1,,,1.0,C,1.0,,0
803,804,1,A,0,1,0,B,0.0,,17.767333544790745,12.61007936601527,2730,88,1,,,0.0,C,0.0,,1
804,805,1,C,0,0,1,B,0.0,C,10.023691746173427,3.1158309208694845,1099,88,1,0.0,0.0,0.0,D,0.0,0.0,2
805,806,1,B,1,0,1,A,0.0,B,5.490129678975791,2.2377222599461675,1434,88,1,0.0,0.0,0.0,B,0.0,0.0,3
806,807,2,B,1,0,0,,,,3.088902110932395,,1422,88,0,,,,B,,,4
807,808,3,C,1,1,0,C,1.0,,19.84928965405561,8.85425535403192,773,88,1,,,1.0,C,0.0,,5
808,809,4,A,1,0,0,,,,8.79342567292042,,1623,88,0,,,,A,,,6
809,810,5,D,0,1,0,B,1.0,,32.75602725986391,25.916891782078892,900,88,1,,,0.0,B,0.0,,7
810,811,3,A,0,0,1,B,1.0,A,9.32629878888838,2.3048829780891538,1839,88,1,0.0,0.0,0.0,B,0.0,0.0,8
811,812,3,B,1,0,0,,,,8.532193746883422,,1314,88,0,,,,B,,,9
812,813,4,D,1,1,0,D,1.0,,21.642509896075353,9.937840363010764,1245,88,1,,,1.0,D,0.0,,10
813,814,5,A,1,0,0,,,,10.01760120689869,,2542,88,0,,,,A,,,11
814,815,6,D,1,0,0,,,,8.029914021957666,,374,88,0,,,,D,,,12
815,816,3,C,1,0,0,,,,9711.695524818962,,2844,83,0,,,,C,,,26
816,817,4,A,0,0,0,,,,14.850807548966259,,957,83,0,,,,B,,,27
817,818,7,D,1,1,0,D,1.0,,25.965736808022484,14.686699982965365,344,88,1,,,1.0,D,0.0,,13
818,819,3,C,1,0,0,,,,12.556880058022216,,150,83,0,,,,C,,,28
819,820,4,B,1,0,1,A,0.0,B,10.721242432948202,1.8549866150133312,1298,83,1,0.0,0.0,0.0,B,0.0,0.0,29
820,821,8,B,1,0,1,C,0.0,B,14.334007628029212,8.365878436015919,170,88,1,0.0,0.0,0.0,B,0.0,0.0,14
821,822,5,B,1,0,1,B,1.0,C,10.668682096991688,2.359181978041306,1758,83,1,1.0,1.0,1.0,B,0.0,0.0,30
822,823,6,C,0,0,1,B,1.0,C,10.389949114061892,1.3717245738953352,224,83,1,0.0,0.0,0.0,B,0.0,0.0,31
823,824,9,D,1,0,1,B,0.0,D,20.550677159102634,5.56216697092168,307,88,1,0.0,0.0,0.0,D,0.0,0.0,15
824,825,3,C,0,0,1,B,1.0,C,13.760849220911041,2.4118158309720457,2577,83,1,0.0,0.0,0.0,B,0.0,0.0,32
825,826,3,C,0,0,1,C,0.0,A,10.245405450928956,5.154588069068268,2338,83,1,1.0,1.0,1.0,D,1.0,0.0,33
826,827,10,D,1,1,0,D,1.0,,25.941334075992927,17.41772952210158,1960,88,1,,,1.0,D,0.0,,16
827,828,11,A,1,0,1,B,0.0,A,6.345860342029482,2.3138966830447316,369,88,1,0.0,0.0,0.0,A,0.0,0.0,17
828,829,3,B,1,0,0,,,,5.702527927001938,,624,83,0,,,,B,,,34
829,830,12,C,1,0,0,,,,5.362747297855094,,1359,88,0,,,,C,,,18
830,831,4,B,1,0,1,B,1.0,C,12.507454786915332,2.207068496849388,2776,83,1,1.0,1.0,1.0,B,0.0,0.0,35
831,832,5,C,1,0,0,,,,13.459842808078974,,2897,83,0,,,,C,,,36
832,833,6,D,0,0,0,,,,6.879171782173216,,2297,83,0,,,,A,,,37
833,834,3,D,1,0,0,,,,16.89189358893782,,1660,83,0,,,,D,,,38
834,835,4,D,1,0,0,,,,23.635723700048402,,755,83,0,,,,D,,,39
835,836,5,B,1,0,0,,,,6.9296877139713615,,1601,83,0,,,,B,,,40
836,837,6,A,0,0,1,A,0.0,B,13.312084952136502,3.26870178617537,403,83,1,1.0,1.0,1.0,B,1.0,1.0,41
837,838,3,D,0,0,1,A,0.0,D,13.173778750002384,2.4844458859879524,1666,83,1,0.0,0.0,0.0,C,0.0,0.0,42
838,839,3,C,1,0,1,D,0.0,C,13.443985386984423,3.002856927923858,483,83,1,0.0,0.0,0.0,C,0.0,0.0,43
839,840,4,A,0,0,1,B,1.0,A,14.606044642161578,3.5062980928923935,2773,83,1,0.0,0.0,0.0,B,0.0,0.0,44
840,841,3,D,1,0,1,B,0.0,D,3724.6934612030163,2.320164873963222,399,83,1,0.0,0.0,0.0,D,0.0,0.0,45
841,842,4,A,0,0,0,,,,6.733931994065642,,320,83,0,,,,C,,,46
842,843,3,A,1,0,1,B,0.0,A,13.271731802029535,1.8270981470122933,1180,83,1,0.0,0.0,0.0,A,0.0,0.0,47
843,844,4,B,0,0,0,,,,13.207876042928547,,1637,83,0,,,,C,,,48
844,845,3,A,1,0,1,B,0.0,A,6.3090758610051125,2.089694121852517,1887,83,1,0.0,0.0,0.0,A,0.0,0.0,49
845,846,4,C,1,0,0,,,,18.21473075589165,,2545,83,0,,,,C,,,50
846,847,5,B,1,0,1,B,1.0,D,22.885259524919093,2.281485572224483,64,83,1,1.0,1.0,1.0,B,0.0,0.0,51
847,848,6,C,1,0,1,B,0.0,C,14.723069275962189,3.6077921451069415,480,83,1,0.0,0.0,0.0,C,0.0,0.0,52
848,849,7,D,1,0,1,C,0.0,D,9.945420357165858,2.496151533909142,2639,83,1,0.0,0.0,0.0,D,0.0,0.0,53
849,850,8,A,0,0,0,,,,19.881665698019788,,1148,83,0,,,,C,,,54
850,851,8,A,1,0,0,,,,6.800633664010093,,67,83,0,,,,A,,,55
851,852,9,D,0,0,0,,,,21.84978431998752,,1985,83,0,,,,B,,,56
852,853,8,B,1,0,0,,,,9.32021384802647,,151,83,0,,,,B,,,57
853,854,9,A,0,0,1,A,0.0,D,8.975682656047866,2.6766280939336866,2445,83,1,1.0,1.0,1.0,D,1.0,1.0,58
854,855,8,B,1,0,0,,,,6.163605188950896,,1614,83,0,,,,B,,,59
855,856,9,D,1,0,0,,,,9.643193543888628,,439,83,0,,,,D,,,60
856,857,10,B,0,0,0,,,,8.582369031850249,,1100,83,0,,,,A,,,61
857,858,1,D,1,0,0,,,,9.90717117791064,,1611,89,0,,,,D,,,0
858,859,8,A,0,0,0,,,,7.017501701135188,,41,83,0,,,,B,,,62
859,860,8,A,0,0,1,D,1.0,A,10.111869137967005,2.2743244350422174,1366,83,1,0.0,0.0,0.0,D,0.0,0.0,63
860,861,2,A,1,0,1,C,0.0,A,37.673098425148055,28.06725363712758,2043,89,1,0.0,0.0,0.0,A,0.0,0.0,1
861,862,8,B,1,1,0,B,1.0,,26.093809715937823,4.410847296006978,956,83,1,,,1.0,B,0.0,,64
862,863,3,C,1,0,0,,,,6.150780773023143,,2943,89,0,,,,C,,,2
863,864,9,C,1,1,0,C,1.0,,14.548142988001928,6.456278237979859,421,83,1,,,1.0,C,0.0,,65
864,865,4,A,1,1,0,A,1.0,,27.77117945905775,11.767285635927692,71,89,1,,,1.0,A,0.0,,3
865,866,10,A,1,0,1,A,1.0,B,28.057115631876513,14.279482248006389,2559,83,1,1.0,1.0,1.0,A,0.0,0.0,66
866,867,5,C,1,1,0,A,0.0,,20.89283716888167,10.067187590990216,2386,89,1,,,0.0,C,0.0,,4
867,868,11,C,1,0,0,,,,38.75783150806092,,187,83,0,,,,C,,,67
868,869,6,A,1,1,0,A,1.0,,33.11411962704733,15.375330513110384,1706,89,1,,,1.0,A,0.0,,5
869,870,12,B,1,0,1,C,0.0,B,15.601727429777384,6.347198756877333,2099,83,1,0.0,0.0,0.0,B,0.0,0.0,68
870,871,7,B,1,1,0,C,0.0,,15.409786426927894,6.03078480088152,1411,89,1,,,0.0,B,0.0,,6
871,872,8,C,1,1,0,C,1.0,,11.987417864147574,5.951051644980907,567,89,1,,,1.0,C,0.0,,7
872,873,9,B,0,1,0,A,1.0,,28.808834582101554,20.472426096908748,2219,89,1,,,0.0,A,0.0,,8
873,874,8,C,0,1,0,D,1.0,,15.833568908972666,5.3773773540742695,2058,89,1,,,0.0,D,0.0,,9
874,875,8,B,1,0,1,C,0.0,B,17.985549228964373,2.8410822350997478,401,89,1,0.0,0.0,0.0,B,0.0,0.0,10
875,876,9,B,1,1,0,B,1.0,,14.475812977878377,2.331147343153134,2434,89,1,,,1.0,B,0.0,,11
876,877,10,B,1,1,0,B,1.0,,24.758938272949308,7.120328315068036,342,89,1,,,1.0,B,0.0,,12
877,878,11,A,0,1,0,C,1.0,,11.437089623883367,2.754205384058878,2026,89,1,,,0.0,C,0.0,,13
878,879,8,C,1,0,1,A,0.0,C,8.952908501029015,1.941192553145811,2288,89,1,0.0,0.0,0.0,C,0.0,0.0,14
879,880,9,C,1,1,0,C,1.0,,28.567443832056597,7.651276285061613,1208,89,1,,,1.0,C,0.0,,15
880,881,10,C,1,1,0,B,0.0,,23.11929721897468,12.352696521906182,1351,89,1,,,0.0,C,0.0,,16
881,882,11,B,1,1,0,B,1.0,,7.855510443914682,3.0377773349173367,1795,89,1,,,1.0,B,0.0,,17
882,883,12,A,1,1,0,D,0.0,,9.08025576802902,4.329307245090604,1194,89,1,,,0.0,A,0.0,,18
883,884,1,A,1,1,0,A,1.0,,46.224411219125614,26.631719623925164,751,90,1,,,1.0,A,0.0,,0
884,885,2,A,0,0,0,,,,25.964114105096087,,722,90,0,,,,B,,,1
885,886,1,D,0,1,0,D,0.0,,35.206036909949034,3.3496895818971097,1195,90,1,,,1.0,A,1.0,,2
886,887,1,B,0,0,1,A,1.0,B,15.905615312047303,3.722566432086751,2414,90,1,0.0,0.0,0.0,A,0.0,0.0,3
887,888,1,B,0,1,0,B,0.0,,14.240104140015319,4.237364741042256,1775,90,1,,,1.0,C,1.0,,4
888,889,1,A,0,1,0,A,0.0,,23.399215538986027,1.8507370338775218,1319,90,1,,,1.0,B,1.0,,5
889,890,1,D,1,0,1,C,0.0,D,19.04308303911239,6.862157667055726,1901,90,1,0.0,0.0,0.0,D,0.0,0.0,6
890,891,2,C,1,0,1,C,1.0,D,44.327334695961326,16.90961436694488,1249,90,1,1.0,1.0,1.0,C,0.0,0.0,7
891,892,3,B,1,0,0,,,,16.530831367941573,,2343,90,0,,,,B,,,8
892,893,4,A,0,0,1,A,0.0,D,22.15549799404107,14.499045199016109,2072,90,1,1.0,1.0,1.0,D,1.0,1.0,9
893,894,3,C,1,0,0,,,,18.770369200967252,,9,90,0,,,,C,,,10
894,895,4,B,1,0,1,C,0.0,B,16.091520627960563,2.80038705910556,915,90,1,0.0,0.0,0.0,B,0.0,0.0,11
895,896,5,B,0,0,1,C,1.0,B,24.20559897297062,13.55235520703718,2031,90,1,0.0,0.0,0.0,C,0.0,0.0,12
896,897,3,B,0,1,0,B,0.0,,14.943438657792285,1.8542607850395143,445,90,1,,,1.0,C,1.0,,13
897,898,3,C,1,0,0,,,,10.793167097959667,,614,90,0,,,,C,,,14
898,899,4,A,0,1,0,A,0.0,,25.67653876892291,8.61135932803154,1611,90,1,,,1.0,D,1.0,,15
899,900,3,C,1,1,0,C,1.0,,8.68955996609293,1.6659849418792874,2110,90,1,,,1.0,C,0.0,,16
900,901,4,D,1,1,0,B,0.0,,13.29577382397838,6.252992716152221,856,90,1,,,0.0,D,0.0,,17
901,902,5,A,0,1,0,D,1.0,,45.32281329110265,32.36585464910604,1492,90,1,,,0.0,D,0.0,,18
902,903,3,B,1,1,0,B,1.0,,21.155059340875596,1.3633858761750162,685,90,1,,,1.0,B,0.0,,19
903,904,4,B,1,0,1,D,0.0,B,14.550299246096984,1.8518306140322238,2718,90,1,0.0,0.0,0.0,B,0.0,0.0,20
904,905,5,C,1,0,0,,,,12.500013922108337,,783,90,0,,,,C,,,21
905,906,6,B,1,1,0,B,1.0,,27.363952023908496,5.632725783158094,1011,90,1,,,1.0,B,0.0,,22
906,907,7,C,1,1,0,A,0.0,,36.48691047797911,26.88429227191955,445,90,1,,,0.0,C,0.0,,23
907,908,8,B,1,1,0,B,1.0,,37.77011028281413,3.931108410935849,2246,90,1,,,1.0,B,0.0,,24
908,909,9,C,0,1,0,B,0.0,,22.546549467137083,6.17733397311531,2523,90,1,,,0.0,A,0.0,,25
909,910,8,B,1,1,0,B,1.0,,18.412356653017923,3.532889347989112,2999,90,1,,,1.0,B,0.0,,26
910,911,9,B,1,0,0,,,,6.80822135694325,,1831,90,0,,,,B,,,27
911,912,10,A,0,1,0,A,0.0,,15.311213867971674,2.914049956947565,500,90,1,,,1.0,B,1.0,,28
912,913,8,A,1,1,0,A,1.0,,14.46252016001381,2.5475996560417116,2599,90,1,,,1.0,A,0.0,,29
913,914,9,B,0,1,0,B,0.0,,15.7698297300376,6.2648948461283,2368,90,1,,,1.0,C,1.0,,30
914,915,8,C,1,1,0,C,1.0,,15.623638398014009,1.6540208200458437,122,90,1,,,1.0,C,0.0,,31
915,916,9,B,1,1,0,B,1.0,,9.104303649161011,2.864362453110516,2454,90,1,,,1.0,B,0.0,,32
916,917,10,C,1,1,0,C,1.0,,10.260914491023868,3.801703677047044,2925,90,1,,,1.0,C,0.0,,33
917,918,11,C,0,1,0,C,0.0,,11.127463441807777,3.1784691801294684,2512,90,1,,,1.0,D,1.0,,34
918,919,8,B,1,0,1,C,0.0,B,12.957472407957539,3.132747006136924,1798,90,1,0.0,0.0,0.0,B,0.0,0.0,35
919,920,9,A,1,0,0,,,,9.508202141150832,,940,90,0,,,,A,,,36
920,921,10,C,0,1,0,C,0.0,,12.07675081002526,1.816782291047275,489,90,1,,,1.0,B,1.0,,37
921,922,8,A,1,1,0,A,1.0,,9.913395649986342,4.226115287048742,2814,90,1,,,1.0,A,0.0,,38
922,923,9,D,0,0,1,A,1.0,D,24.505121623864397,1.9090215100441128,1781,90,1,0.0,0.0,0.0,A,0.0,0.0,39
923,924,8,A,0,1,0,A,0.0,,2.7740337629802525,1.7093179470393807,1519,90,1,,,1.0,C,1.0,,40
924,925,8,A,1,1,0,A,1.0,,2.913996145129204,1.6517262100242078,2863,90,1,,,1.0,A,0.0,,41
925,926,9,B,1,0,0,,,,8.62381398701109,,500,90,0,,,,B,,,42
926,927,10,B,1,1,0,B,1.0,,15.215027270838618,4.250648993067443,53,90,1,,,1.0,B,0.0,,43
927,928,11,B,1,0,0,,,,9.800605657044798,,2218,90,0,,,,B,,,44
928,929,12,D,1,1,0,D,1.0,,11.141439035069197,5.82229147083126,1543,90,1,,,1.0,D,0.0,,45
929,930,1,B,1,0,0,,,,12.380778178805485,,1298,91,0,,,,B,,,0
930,931,2,C,1,1,0,A,0.0,,46.03194454801269,35.46877023484558,157,91,1,,,0.0,C,0.0,,1
931,932,3,A,0,0,1,D,1.0,A,28.7581018388737,19.502531133126467,307,91,1,0.0,0.0,0.0,D,0.0,0.0,2
932,933,3,B,1,0,1,C,0.0,B,25.172675895970315,16.158533352892846,1176,91,1,0.0,0.0,0.0,B,0.0,0.0,3
933,934,4,C,1,1,0,A,0.0,,29.15205922909081,18.77974656317383,1331,91,1,,,0.0,C,0.0,,4
934,935,5,C,1,0,1,D,0.0,C,16.641892715124413,5.818724774988368,1608,91,1,0.0,0.0,0.0,C,0.0,0.0,5
935,936,6,B,1,1,0,A,0.0,,41.122305093100294,22.19797119195573,64,91,1,,,0.0,B,0.0,,6
936,937,7,A,1,1,0,B,0.0,,23.24776081298478,17.229536317056045,1077,91,1,,,0.0,A,0.0,,7
937,938,8,D,1,1,0,A,0.0,,51.9267532939557,38.053660430945456,349,91,1,,,0.0,D,0.0,,8
938,939,9,B,0,1,0,B,0.0,,25.220182873075828,14.7168816360645,2190,91,1,,,1.0,D,1.0,,9
939,940,8,C,1,1,0,C,1.0,,21.42675696616061,14.49981128401123,1691,91,1,,,1.0,C,0.0,,10
940,941,9,C,1,1,0,C,1.0,,20.13574699102901,10.025131209986284,1235,91,1,,,1.0,C,0.0,,11
941,942,10,D,1,0,1,C,0.0,D,14.314373583067209,5.229976284084842,2769,91,1,0.0,0.0,0.0,D,0.0,0.0,12
942,943,11,D,0,1,0,A,0.0,,29.435202930122614,19.79630989092402,2992,91,1,,,0.0,C,0.0,,13
943,944,8,A,1,0,1,D,0.0,A,8.827923329081386,4.509806165937334,49,91,1,0.0,0.0,0.0,A,0.0,0.0,14
944,945,9,D,1,1,0,D,1.0,,13.327993656974286,7.566459179157391,2602,91,1,,,1.0,D,0.0,,15
945,946,10,B,1,1,0,B,1.0,,34.952700769063085,23.458826672984287,2698,91,1,,,1.0,B,0.0,,16
946,947,11,D,0,1,0,C,1.0,,15.544625747017562,7.870661591179669,562,91,1,,,0.0,C,0.0,,17
947,948,1,C,1,1,0,C,1.0,,29.562514547025785,13.696114053949714,1122,93,1,,,1.0,C,0.0,,0
948,949,2,D,1,1,0,B,0.0,,41.80327758891508,34.219507107976824,706,93,1,,,0.0,D,0.0,,1
949,950,3,C,1,1,0,C,1.0,,25.05255229678005,1.2069076099433005,150,93,1,,,1.0,C,0.0,,2
950,951,4,B,1,1,0,B,1.0,,9.110018820036203,1.6177752241492271,2367,93,1,,,1.0,B,0.0,,3
951,952,5,D,1,1,0,D,1.0,,15.954488482093439,1.5302030718885362,2967,93,1,,,1.0,D,0.0,,4
952,953,6,D,1,1,0,A,0.0,,22.88024560897611,3.7138010358903557,2403,93,1,,,0.0,D,0.0,,5
953,954,7,B,1,1,0,B,1.0,,24.029964877991006,3.2061475741211325,2583,93,1,,,1.0,B,0.0,,6
954,955,8,A,1,1,0,A,1.0,,34.63881037407555,2.4567187738139182,1953,93,1,,,1.0,A,0.0,,7
955,956,9,C,1,1,0,C,1.0,,5.767026270041242,0.9436749231535941,1337,93,1,,,1.0,C,0.0,,8
956,957,10,B,1,1,0,B,1.0,,41.085762995062396,34.23763134283945,272,93,1,,,1.0,B,0.0,,9
957,958,11,C,1,1,0,D,0.0,,14.66802183398977,1.769040514016524,1015,93,1,,,0.0,C,0.0,,10
958,959,12,C,1,1,0,C,1.0,,10.83901929599233,1.2412180968094617,1108,93,1,,,1.0,C,0.0,,11
959,960,1,B,1,1,0,B,1.0,,12.913596633821726,7.141655131941661,2983,94,1,,,1.0,B,0.0,,0
960,961,2,C,1,0,1,A,0.0,C,15.434067513095215,8.141420725965872,565,94,1,0.0,0.0,0.0,C,0.0,0.0,1
961,962,3,C,1,1,0,C,1.0,,20.7574231158942,6.535394926788285,1656,94,1,,,1.0,C,0.0,,2
962,963,4,C,1,1,0,C,1.0,,28.07001575198956,20.24410433182493,2199,94,1,,,1.0,C,0.0,,3
963,964,5,B,1,0,1,D,0.0,B,22.90912431292236,13.817157401004806,2399,94,1,0.0,0.0,0.0,B,0.0,0.0,4
964,965,6,B,1,0,0,,,,8.288712131092325,,537,94,0,,,,B,,,5
965,966,7,D,1,0,0,,,,8.250328712165356,,65,94,0,,,,D,,,6
966,967,8,A,0,0,0,,,,4.82549693598412,,716,94,0,,,,B,,,7
967,968,8,A,1,1,0,A,1.0,,4.835041363956407,1.305420815013349,2346,94,1,,,1.0,A,0.0,,8
968,969,9,C,1,1,0,C,1.0,,10.175507997861132,3.0606928339693695,2071,94,1,,,1.0,C,0.0,,9
969,970,10,B,0,0,0,,,,8.22871683887206,,971,94,0,,,,A,,,10
970,971,8,D,0,1,0,D,0.0,,7.228151713963598,2.7062035670969635,250,94,1,,,1.0,C,1.0,,11
971,972,8,B,1,1,0,B,1.0,,6.3843858011532575,1.4856714920606464,2329,94,1,,,1.0,B,0.0,,12
972,973,9,B,1,0,0,,,,11.68938009487465,,2816,94,0,,,,B,,,13
973,974,10,D,1,1,0,D,1.0,,10.990782811073586,3.133714718045667,2494,94,1,,,1.0,D,0.0,,14
974,975,11,C,1,0,1,D,0.0,C,16.807988037122414,6.206737383035943,1488,94,1,0.0,0.0,0.0,C,0.0,0.0,15
975,976,12,A,1,1,0,A,1.0,,5.152238799026236,1.7369470270350575,2275,94,1,,,1.0,A,0.0,,16
