,id,sex,age,education,timestamp_2,timestamp_7,timestamp_end,timestamp_start,game_won,time_to_2,time_to_7,time_to_end,time_total
0,22,m,0.0,0.0,,,,2023-09-14 07:15:21.890718,,,,,
1,23,m,0.0,0.0,2023-09-14 07:16:05.551872,2023-09-14 07:21:02.096269,,2023-09-14 07:15:16.685550,,0 days 00:00:48.866322,0 days 00:05:45.410719,,
2,24,m,0.0,0.0,2023-09-14 07:18:10.639285,,,2023-09-14 07:16:25.078086,,0 days 00:01:45.561199,,,
3,25,m,0.0,0.0,2023-09-14 07:18:46.030984,2023-09-14 07:29:21.531787,,2023-09-14 07:17:52.711975,,0 days 00:00:53.319009,0 days 00:11:28.819812,,
4,26,m,0.0,0.0,2023-09-14 07:17:21.075012,2023-09-14 07:18:42.980380,,2023-09-14 07:17:11.204013,,0 days 00:00:09.870999,0 days 00:01:31.776367,,
6,28,f,0.0,1.0,2023-09-14 07:22:03.706125,2023-09-14 07:29:59.037656,2023-09-14 07:38:35.861843,2023-09-14 07:19:46.693372,1.0,0 days 00:02:17.012753,0 days 00:10:12.344284,0 days 00:18:49.168471,0 days 00:18:49.168471
7,29,m,0.0,1.0,2023-09-14 07:38:48.870803,2023-09-14 14:05:25.516215,2023-09-14 14:24:44.883139,2023-09-14 07:36:23.713215,1.0,0 days 00:02:25.157588,0 days 06:29:01.803000,0 days 06:48:21.169924,0 days 06:48:21.169924
8,30,m,1.0,1.0,2023-09-14 07:43:34.931180,2023-09-14 07:57:38.636952,2023-09-14 08:49:33.981030,2023-09-14 07:41:25.659538,1.0,0 days 00:02:09.271642,0 days 00:16:12.977414,0 days 01:08:08.321492,0 days 01:08:08.321492
9,31,f,3.0,3.0,,,,2023-09-14 07:49:52.114479,,,,,
11,33,m,0.0,0.0,2023-09-14 07:58:07.819169,2023-09-14 08:02:02.577205,2023-09-14 08:07:36.164356,2023-09-14 07:55:21.861464,1.0,0 days 00:02:45.957705,0 days 00:06:40.715741,0 days 00:12:14.302892,0 days 00:12:14.302892
12,34,m,0.0,0.0,,,2023-09-14 08:02:39.527039,2023-09-14 08:02:06.130417,0.0,,,,0 days 00:00:33.396622
13,35,m,0.0,0.0,2023-09-14 08:06:55.828413,,,2023-09-14 08:04:46.129806,,0 days 00:02:09.698607,,,
14,36,f,0.0,1.0,2023-09-14 08:09:24.893703,2023-09-14 08:12:18.323403,2023-09-14 08:16:40.557494,2023-09-14 08:06:36.325708,1.0,0 days 00:02:48.567995,0 days 00:05:41.997695,0 days 00:10:04.231786,0 days 00:10:04.231786
15,37,f,0.0,1.0,2023-09-14 08:08:50.956448,2023-09-14 08:18:11.210451,2023-09-14 08:28:53.292121,2023-09-14 08:07:57.838196,1.0,0 days 00:00:53.118252,0 days 00:10:13.372255,0 days 00:20:55.453925,0 days 00:20:55.453925
17,39,m,2.0,4.0,,,,2023-09-14 08:09:09.665152,,,,,
18,40,,0.0,0.0,2023-09-14 08:23:37.040725,,,2023-09-14 08:14:39.494752,,0 days 00:08:57.545973,,,
19,41,m,2.0,2.0,2023-09-14 08:14:34.708307,,2023-09-14 08:17:16.403354,2023-09-14 08:12:14.172947,0.0,0 days 00:02:20.535360,,,0 days 00:05:02.230407
20,42,m,2.0,3.0,,,2023-09-14 08:14:30.550619,2023-09-14 08:13:13.102717,0.0,,,,0 days 00:01:17.447902
23,45,m,0.0,1.0,2023-09-14 08:23:55.136902,,,2023-09-14 08:22:46.491189,,0 days 00:01:08.645713,,,
24,46,,0.0,1.0,2023-09-14 08:25:50.350184,,,2023-09-14 08:25:22.450674,,0 days 00:00:27.899510,,,
25,47,m,0.0,1.0,,,,2023-09-14 08:26:33.606688,,,,,
26,48,m,3.0,3.0,2023-09-14 08:35:36.898088,2023-09-14 08:38:34.170592,,2023-09-14 08:31:47.559773,,0 days 00:03:49.338315,0 days 00:06:46.610819,,
27,49,m,0.0,0.0,2023-09-14 08:33:26.884409,,2023-09-14 08:35:49.505842,2023-09-14 08:32:08.117790,0.0,0 days 00:01:18.766619,,,0 days 00:03:41.388052
28,50,m,2.0,3.0,,,2023-09-14 08:43:48.339546,2023-09-14 08:39:19.339213,0.0,,,,0 days 00:04:29.000333
30,52,m,0.0,0.0,2023-09-14 08:38:26.027335,2023-09-14 08:41:24.738291,,2023-09-14 08:37:43.175458,,0 days 00:00:42.851877,0 days 00:03:41.562833,,
32,54,m,0.0,1.0,,,,2023-09-14 08:38:33.721911,,,,,
33,55,m,0.0,1.0,2023-09-14 08:41:08.920090,2023-09-14 08:57:26.862804,,2023-09-14 08:39:46.832129,,0 days 00:01:22.087961,0 days 00:17:40.030675,,
34,56,m,0.0,1.0,2023-09-14 08:42:08.339330,,,2023-09-14 08:41:26.564001,,0 days 00:00:41.775329,,,
35,57,m,0.0,0.0,2023-09-14 08:53:41.192892,,2023-09-14 08:54:08.220270,2023-09-14 08:51:48.561434,0.0,0 days 00:01:52.631458,,,0 days 00:02:19.658836
36,58,m,0.0,0.0,2023-09-14 08:55:20.233400,,,2023-09-14 08:54:22.267043,,0 days 00:00:57.966357,,,
37,59,,,,2023-09-14 08:59:05.829922,,,2023-09-14 08:57:47.621310,,0 days 00:01:18.208612,,,
38,60,f,2.0,3.0,2023-09-14 09:05:35.114540,2023-09-14 09:09:30.624345,2023-09-14 09:17:11.693630,2023-09-14 09:03:21.648437,1.0,0 days 00:02:13.466103,0 days 00:06:08.975908,0 days 00:13:50.045193,0 days 00:13:50.045193
39,61,m,1.0,3.0,,,2023-09-14 09:06:55.468414,2023-09-14 09:06:06.576856,0.0,,,,0 days 00:00:48.891558
40,62,f,3.0,3.0,2023-09-14 09:13:39.404674,,,2023-09-14 09:09:39.871008,,0 days 00:03:59.533666,,,
41,63,m,0.0,0.0,2023-09-14 09:17:02.744441,2023-09-14 09:21:23.389996,,2023-09-14 09:16:27.192123,,0 days 00:00:35.552318,0 days 00:04:56.197873,,
42,64,,1.0,1.0,2023-09-14 09:31:40.532926,2023-09-14 09:43:19.214150,,2023-09-14 09:26:52.732920,,0 days 00:04:47.800006,0 days 00:16:26.481230,,
44,66,f,0.0,0.0,,,,2023-09-14 09:30:24.188090,,,,,
45,67,m,0.0,1.0,2023-09-14 09:42:42.474475,,2023-09-14 09:43:59.692358,2023-09-14 09:40:28.452821,0.0,0 days 00:02:14.021654,,,0 days 00:03:31.239537
46,68,f,0.0,0.0,,,2023-09-14 09:43:07.901536,2023-09-14 09:42:05.728546,0.0,,,,0 days 00:01:02.172990
47,69,m,0.0,0.0,2023-09-14 09:45:17.637433,,,2023-09-14 09:43:25.136818,,0 days 00:01:52.500615,,,
48,70,m,0.0,0.0,,,2023-09-14 09:54:41.574597,2023-09-14 09:53:38.629262,0.0,,,,0 days 00:01:02.945335
49,71,,,,,,2023-09-14 09:57:41.074598,2023-09-14 09:53:50.617192,0.0,,,,0 days 00:03:50.457406
50,72,m,0.0,0.0,,,,2023-09-14 09:55:19.488947,,,,,
51,73,,,,2023-09-14 10:05:54.035710,2023-09-14 10:14:26.029303,,2023-09-14 09:58:22.464390,,0 days 00:07:31.571320,0 days 00:16:03.564913,,
52,74,m,0.0,1.0,2023-09-14 10:16:40.477270,2023-09-14 10:18:03.164755,,2023-09-14 10:14:17.460543,,0 days 00:02:23.016727,0 days 00:03:45.704212,,
53,75,m,2.0,3.0,,,2023-09-14 10:16:27.867127,2023-09-14 10:15:16.285475,0.0,,,,0 days 00:01:11.581652
54,76,,,,2023-09-14 10:20:18.622909,,2023-09-14 10:24:58.137300,2023-09-14 10:19:03.117831,0.0,0 days 00:01:15.505078,,,0 days 00:05:55.019469
55,77,,,,2023-09-14 10:26:08.990824,2023-09-14 10:29:21.800785,2023-09-14 10:39:59.996482,2023-09-14 10:25:54.204708,1.0,0 days 00:00:14.786116,0 days 00:03:27.596077,0 days 00:14:05.791774,0 days 00:14:05.791774
56,78,,0.0,1.0,,,,2023-09-14 10:27:11.829236,,,,,
57,79,m,0.0,1.0,,,,2023-09-14 10:31:10.008515,,,,,
58,80,m,2.0,3.0,2023-09-14 10:38:06.265671,2023-09-14 10:40:48.733858,,2023-09-14 10:36:06.576593,,0 days 00:01:59.689078,0 days 00:04:42.157265,,
59,81,m,0.0,1.0,,,,2023-09-14 10:38:21.693521,,,,,
60,82,m,0.0,1.0,,,,2023-09-14 10:58:25.334885,,,,,
62,84,m,1.0,1.0,2023-09-14 11:03:27.001949,,,2023-09-14 11:02:31.835178,,0 days 00:00:55.166771,,,
63,85,f,1.0,2.0,,,,2023-09-14 11:04:31.868340,,,,,
67,89,f,1.0,1.0,,,,2023-09-14 11:05:05.528857,,,,,
68,90,f,0.0,1.0,2023-09-14 11:04:50.584616,,,2023-09-14 11:04:15.731077,,0 days 00:00:34.853539,,,
69,91,m,1.0,1.0,2023-09-14 11:07:12.737558,2023-09-14 11:09:36.308929,2023-09-14 11:12:42.969440,2023-09-14 11:05:11.428107,1.0,0 days 00:02:01.309451,0 days 00:04:24.880822,0 days 00:07:31.541333,0 days 00:07:31.541333
70,92,f,1.0,1.0,2023-09-14 11:06:43.150259,2023-09-14 11:08:57.151495,,2023-09-14 11:06:08.388755,,0 days 00:00:34.761504,0 days 00:02:48.762740,,
71,93,f,1.0,1.0,2023-09-14 11:08:26.232224,2023-09-14 11:11:13.484538,2023-09-14 11:14:12.529789,2023-09-14 11:06:44.612766,0.0,0 days 00:01:41.619458,0 days 00:04:28.871772,,0 days 00:07:27.917023
72,94,,1.0,1.0,2023-09-14 11:26:51.515779,2023-09-14 11:41:22.929493,2023-09-14 11:58:01.031364,2023-09-14 11:09:23.929831,1.0,0 days 00:17:27.585948,0 days 00:31:58.999662,0 days 00:48:37.101533,0 days 00:48:37.101533
73,95,m,2.0,3.0,2023-09-14 11:11:23.814580,2023-09-14 11:16:00.795842,,2023-09-14 11:09:26.050192,,0 days 00:01:57.764388,0 days 00:06:34.745650,,
74,96,m,1.0,1.0,,,,2023-09-14 11:12:05.159332,,,,,
76,98,m,1.0,1.0,,,,2023-09-14 11:11:23.482223,,,,,
77,99,m,2.0,3.0,,,,2023-09-14 11:13:54.146359,,,,,
78,100,f,1.0,1.0,2023-09-14 11:16:41.569178,,2023-09-14 11:31:06.230370,2023-09-14 11:15:53.127685,0.0,0 days 00:00:48.441493,,,0 days 00:15:13.102685
79,101,f,0.0,1.0,2023-09-14 11:18:24.116595,2023-09-14 11:20:53.504480,2023-09-14 11:22:51.198880,2023-09-14 11:17:11.400152,0.0,0 days 00:01:12.716443,0 days 00:03:42.104328,,0 days 00:05:39.798728
80,102,m,1.0,2.0,2023-09-14 11:21:29.444852,,2023-09-14 11:22:32.522741,2023-09-14 11:20:07.974902,0.0,0 days 00:01:21.469950,,,0 days 00:02:24.547839
81,103,m,1.0,1.0,2023-09-14 11:23:14.501004,2023-09-14 11:25:54.981639,2023-09-14 11:27:45.732552,2023-09-14 11:21:52.435793,1.0,0 days 00:01:22.065211,0 days 00:04:02.545846,0 days 00:05:53.296759,0 days 00:05:53.296759
82,104,,3.0,3.0,,,,2023-09-14 11:24:16.134602,,,,,
84,106,m,1.0,1.0,,,,2023-09-14 11:24:35.539534,,,,,
86,108,m,0.0,1.0,2023-09-14 11:29:35.284113,2023-09-14 11:32:35.361672,2023-09-14 11:39:46.923524,2023-09-14 11:26:19.456420,1.0,0 days 00:03:15.827693,0 days 00:06:15.905252,0 days 00:13:27.467104,0 days 00:13:27.467104
87,109,f,3.0,3.0,2023-09-14 11:32:21.760343,2023-09-14 11:33:48.624151,2023-09-14 11:45:59.869213,2023-09-14 11:27:42.017539,1.0,0 days 00:04:39.742804,0 days 00:06:06.606612,0 days 00:18:17.851674,0 days 00:18:17.851674
88,110,m,1.0,,2023-09-14 11:30:01.023756,,2023-09-14 11:30:20.960851,2023-09-14 11:29:23.956711,0.0,0 days 00:00:37.067045,,,0 days 00:00:57.004140
90,112,m,2.0,1.0,2023-09-14 11:38:16.555449,2023-09-14 11:51:09.663268,2023-09-14 11:56:18.390651,2023-09-14 11:35:27.266074,1.0,0 days 00:02:49.289375,0 days 00:15:42.397194,0 days 00:20:51.124577,0 days 00:20:51.124577
91,113,m,1.0,1.0,2023-09-14 11:44:44.003106,2023-09-14 11:49:37.552466,2023-09-14 11:53:30.834196,2023-09-14 11:38:44.370696,1.0,0 days 00:05:59.632410,0 days 00:10:53.181770,0 days 00:14:46.463500,0 days 00:14:46.463500
92,114,m,2.0,3.0,,,,2023-09-14 11:39:11.875740,,,,,
93,115,m,1.0,1.0,2023-09-14 11:44:46.919492,2023-09-14 11:48:12.399990,2023-09-14 12:08:42.436374,2023-09-14 11:39:13.774386,1.0,0 days 00:05:33.145106,0 days 00:08:58.625604,0 days 00:29:28.661988,0 days 00:29:28.661988
94,116,f,1.0,1.0,2023-09-14 11:41:19.497456,2023-09-14 11:43:16.291276,2023-09-14 11:47:01.689469,2023-09-14 11:39:31.439114,1.0,0 days 00:01:48.058342,0 days 00:03:44.852162,0 days 00:07:30.250355,0 days 00:07:30.250355
95,117,m,2.0,3.0,2023-09-14 11:40:37.114560,2023-09-14 11:42:58.506519,,2023-09-14 11:39:37.918646,,0 days 00:00:59.195914,0 days 00:03:20.587873,,
96,118,m,0.0,1.0,,,,2023-09-14 11:39:49.835823,,,,,
98,120,f,0.0,1.0,2023-09-14 12:00:15.726044,,,2023-09-14 11:54:09.280957,,0 days 00:06:06.445087,,,
101,123,m,,1.0,2023-09-14 11:59:53.611178,,,2023-09-14 11:57:36.573788,,0 days 00:02:17.037390,,,
102,124,m,2.0,3.0,2023-09-14 11:59:06.026860,,2023-09-14 12:00:48.303262,2023-09-14 11:58:25.825652,0.0,0 days 00:00:40.201208,,,0 days 00:02:22.477610
104,126,,,,2023-09-14 12:01:33.177457,,,2023-09-14 12:00:10.997125,,0 days 00:01:22.180332,,,
105,127,m,1.0,,,,,2023-09-14 11:59:54.068216,,,,,
106,128,m,1.0,2.0,2023-09-14 12:03:23.328620,,,2023-09-14 12:01:40.878368,,0 days 00:01:42.450252,,,
107,129,m,0.0,1.0,,,,2023-09-14 12:00:47.341989,,,,,
108,130,m,1.0,1.0,2023-09-14 12:03:19.893523,,,2023-09-14 12:02:10.036688,,0 days 00:01:09.856835,,,
109,131,m,1.0,2.0,,,,2023-09-14 12:02:26.779156,,,,,
111,133,f,1.0,1.0,2023-09-14 12:04:38.582274,,,2023-09-14 12:03:56.538570,,0 days 00:00:42.043704,,,
113,135,m,1.0,1.0,,,2023-09-14 12:06:18.241363,2023-09-14 12:05:45.589854,0.0,,,,0 days 00:00:32.651509
114,136,m,1.0,2.0,,,2023-09-14 12:09:07.417430,2023-09-14 12:07:28.310051,0.0,,,,0 days 00:01:39.107379
116,138,f,1.0,1.0,2023-09-14 12:11:53.691683,,,2023-09-14 12:10:19.168859,,0 days 00:01:34.522824,,,
117,139,m,1.0,2.0,2023-09-14 12:12:37.593818,,,2023-09-14 12:09:55.174582,,0 days 00:02:42.419236,,,
118,140,,0.0,1.0,2023-09-14 12:11:05.657856,,,2023-09-14 12:10:17.848971,,0 days 00:00:47.808885,,,
119,141,m,0.0,1.0,2023-09-14 12:15:03.421582,,,2023-09-14 12:14:14.366699,,0 days 00:00:49.054883,,,
120,142,m,3.0,3.0,,,,2023-09-14 12:17:53.021688,,,,,
121,143,m,1.0,2.0,2023-09-14 12:28:50.485933,2023-09-14 12:33:37.375324,2023-09-14 12:35:26.299456,2023-09-14 12:23:43.187276,0.0,0 days 00:05:07.298657,0 days 00:09:54.188048,,0 days 00:11:43.112180
123,145,f,0.0,1.0,,,,2023-09-14 12:25:15.487658,,,,,
126,148,m,1.0,0.0,,,,2023-09-14 12:36:48.233972,,,,,
127,149,m,2.0,4.0,2023-09-14 13:23:12.334225,2023-09-14 13:26:36.477391,,2023-09-14 12:39:20.565219,,0 days 00:43:51.769006,0 days 00:47:15.912172,,
128,150,m,0.0,,2023-09-14 12:43:55.447713,2023-09-14 12:47:52.188539,2023-09-14 12:49:39.266493,2023-09-14 12:41:36.028053,0.0,0 days 00:02:19.419660,0 days 00:06:16.160486,,0 days 00:08:03.238440
129,151,f,0.0,1.0,,,,2023-09-14 12:45:23.531753,,,,,
130,152,f,1.0,1.0,,,,2023-09-14 12:53:26.904257,,,,,
131,153,f,1.0,1.0,2023-09-14 13:00:41.829299,,,2023-09-14 12:59:39.898210,,0 days 00:01:01.931089,,,
132,154,,,,,,,2023-09-14 12:57:35.430938,,,,,
133,155,f,1.0,1.0,,,,2023-09-14 12:58:24.741957,,,,,
135,157,m,1.0,1.0,2023-09-14 13:04:58.581681,2023-09-14 13:23:17.893510,2023-09-14 13:27:56.206146,2023-09-14 13:01:59.044177,1.0,0 days 00:02:59.537504,0 days 00:21:18.849333,0 days 00:25:57.161969,0 days 00:25:57.161969
136,158,f,0.0,1.0,,,,2023-09-14 13:02:54.296853,,,,,
137,159,m,1.0,2.0,,,,2023-09-14 13:09:10.120161,,,,,
139,161,f,3.0,4.0,2023-09-14 13:19:11.206757,2023-09-14 13:48:41.567163,2023-09-14 13:55:56.797499,2023-09-14 13:18:14.760280,1.0,0 days 00:00:56.446477,0 days 00:30:26.806883,0 days 00:37:42.037219,0 days 00:37:42.037219
141,163,f,1.0,1.0,2023-09-14 13:23:27.324907,,2023-09-14 13:24:23.461802,2023-09-14 13:21:46.512943,0.0,0 days 00:01:40.811964,,,0 days 00:02:36.948859
143,165,f,1.0,2.0,2023-09-14 13:36:27.549592,,,2023-09-14 13:34:37.212367,,0 days 00:01:50.337225,,,
144,166,f,1.0,2.0,,,2023-09-14 13:28:39.252476,2023-09-14 13:27:53.782079,0.0,,,,0 days 00:00:45.470397
145,167,f,1.0,1.0,2023-09-14 13:30:00.176158,2023-09-14 13:30:44.726973,,2023-09-14 13:27:55.932267,,0 days 00:02:04.243891,0 days 00:02:48.794706,,
146,168,f,1.0,2.0,2023-09-14 13:29:37.505488,,,2023-09-14 13:28:56.956606,,0 days 00:00:40.548882,,,
147,169,f,1.0,1.0,,,,2023-09-14 13:36:44.567198,,,,,
148,170,m,1.0,1.0,,,,2023-09-14 13:41:01.144095,,,,,
149,171,m,1.0,1.0,2023-09-14 13:44:43.436678,,,2023-09-14 13:43:51.141714,,0 days 00:00:52.294964,,,
150,172,m,,,2023-09-14 13:46:09.091882,,,2023-09-14 13:45:34.549707,,0 days 00:00:34.542175,,,
153,175,m,1.0,1.0,2023-09-14 13:48:47.015013,2023-09-14 13:49:50.000213,2023-09-14 13:51:05.317458,2023-09-14 13:47:27.075738,1.0,0 days 00:01:19.939275,0 days 00:02:22.924475,0 days 00:03:38.241720,0 days 00:03:38.241720
154,176,f,0.0,1.0,2023-09-14 14:00:05.256184,2023-09-14 14:03:00.988341,,2023-09-14 13:48:26.031554,,0 days 00:11:39.224630,0 days 00:14:34.956787,,
155,177,m,2.0,3.0,,,,2023-09-14 13:51:40.412654,,,,,
156,178,m,1.0,3.0,,,,2023-09-14 14:05:56.505348,,,,,
157,179,f,0.0,0.0,2023-09-14 14:18:45.115062,2023-09-14 14:21:00.937311,,2023-09-14 14:18:01.820273,,0 days 00:00:43.294789,0 days 00:02:59.117038,,
158,180,f,1.0,1.0,2023-09-14 14:24:21.698095,2023-09-14 14:32:25.286998,2023-09-14 14:39:32.850558,2023-09-14 14:19:49.122057,1.0,0 days 00:04:32.576038,0 days 00:12:36.164941,0 days 00:19:43.728501,0 days 00:19:43.728501
159,181,f,1.0,2.0,2023-09-14 14:31:36.465785,2023-09-14 14:51:23.137233,,2023-09-14 14:28:07.724271,,0 days 00:03:28.741514,0 days 00:23:15.412962,,
160,182,f,1.0,1.0,2023-09-14 14:31:41.287953,,2023-09-14 14:32:37.595115,2023-09-14 14:30:01.144757,0.0,0 days 00:01:40.143196,,,0 days 00:02:36.450358
161,183,f,2.0,3.0,2023-09-14 14:33:41.393423,,,2023-09-14 14:30:29.985792,,0 days 00:03:11.407631,,,
162,184,m,2.0,3.0,2023-09-14 14:31:28.451425,2023-09-14 14:33:04.215447,2023-09-14 14:35:53.719483,2023-09-14 14:30:40.357192,1.0,0 days 00:00:48.094233,0 days 00:02:23.858255,0 days 00:05:13.362291,0 days 00:05:13.362291
163,185,m,3.0,4.0,2023-09-14 14:33:34.068421,,,2023-09-14 14:33:14.660366,,0 days 00:00:19.408055,,,
165,187,m,1.0,1.0,,,,2023-09-14 14:35:56.368984,,,,,
166,188,m,0.0,1.0,,,,2023-09-14 14:38:39.001975,,,,,
167,189,m,1.0,2.0,,,,2023-09-14 14:50:33.348833,,,,,
168,190,f,0.0,0.0,2023-09-14 15:00:09.232858,,,2023-09-14 14:59:25.101283,,0 days 00:00:44.131575,,,
169,191,m,1.0,1.0,2023-09-14 15:09:02.793977,,,2023-09-14 15:02:46.320107,,0 days 00:06:16.473870,,,
170,192,m,1.0,1.0,2023-09-14 15:05:31.069482,,,2023-09-14 15:03:22.354938,,0 days 00:02:08.714544,,,
171,193,m,1.0,2.0,,,2023-09-14 15:06:16.334453,2023-09-14 15:05:07.825082,0.0,,,,0 days 00:01:08.509371
173,195,m,0.0,0.0,2023-09-14 15:12:02.653473,,,2023-09-14 15:10:39.460698,,0 days 00:01:23.192775,,,
174,196,f,1.0,1.0,,,,2023-09-14 15:17:02.531609,,,,,
177,199,f,1.0,1.0,,,,2023-09-14 15:33:20.806538,,,,,
178,200,f,1.0,2.0,2023-09-14 15:30:35.093665,2023-09-14 15:31:41.133894,,2023-09-14 15:29:39.371345,,0 days 00:00:55.722320,0 days 00:02:01.762549,,
179,201,m,1.0,2.0,,,,2023-09-14 15:32:22.169662,,,,,
180,202,f,1.0,2.0,,,,2023-09-14 15:45:42.289053,,,,,
181,203,m,1.0,2.0,2023-09-14 15:49:57.383064,2023-09-14 15:53:42.361955,2023-09-14 15:56:15.281651,2023-09-14 15:49:00.917011,1.0,0 days 00:00:56.466053,0 days 00:04:41.444944,0 days 00:07:14.364640,0 days 00:07:14.364640
182,204,m,1.0,1.0,2023-09-14 15:57:26.908829,2023-09-14 16:00:55.819425,,2023-09-14 15:55:52.526590,,0 days 00:01:34.382239,0 days 00:05:03.292835,,
184,206,,3.0,4.0,,,,2023-09-14 16:18:50.382055,,,,,
185,207,f,0.0,0.0,2023-09-14 16:23:08.731696,,2023-09-14 16:24:06.173404,2023-09-14 16:22:11.826761,0.0,0 days 00:00:56.904935,,,0 days 00:01:54.346643
186,208,m,1.0,1.0,2023-09-14 16:25:33.628783,,,2023-09-14 16:24:47.871932,,0 days 00:00:45.756851,,,
187,209,m,1.0,1.0,2023-09-14 16:30:18.720027,2023-09-14 16:34:31.810184,2023-09-14 16:37:50.771152,2023-09-14 16:28:00.289079,1.0,0 days 00:02:18.430948,0 days 00:06:31.521105,0 days 00:09:50.482073,0 days 00:09:50.482073
189,211,f,1.0,1.0,2023-09-14 16:42:04.197382,2023-09-14 16:43:25.432944,2023-09-14 16:47:53.371916,2023-09-14 16:41:01.157930,1.0,0 days 00:01:03.039452,0 days 00:02:24.275014,0 days 00:06:52.213986,0 days 00:06:52.213986
190,212,m,1.0,1.0,,,2023-09-14 16:41:01.626091,2023-09-14 16:40:43.805590,0.0,,,,0 days 00:00:17.820501
191,213,,4.0,3.0,,,,2023-09-14 16:42:49.493320,,,,,
192,214,m,1.0,1.0,2023-09-14 16:47:22.566664,2023-09-14 16:52:58.781001,2023-09-14 16:55:39.392290,2023-09-14 16:44:20.801014,1.0,0 days 00:03:01.765650,0 days 00:08:37.979987,0 days 00:11:18.591276,0 days 00:11:18.591276
193,215,,1.0,1.0,2023-09-14 16:52:26.586573,,,2023-09-14 16:51:45.174983,,0 days 00:00:41.411590,,,
194,216,m,3.0,3.0,2023-09-14 16:56:55.674465,2023-09-14 17:01:40.289955,2023-09-14 17:10:50.165191,2023-09-14 16:55:28.654456,1.0,0 days 00:01:27.020009,0 days 00:06:11.635499,0 days 00:15:21.510735,0 days 00:15:21.510735
195,217,f,0.0,0.0,,,,2023-09-14 16:56:46.634612,,,,,
197,219,m,2.0,2.0,2023-09-14 16:59:57.936101,2023-09-14 17:03:02.136556,2023-09-14 17:12:52.500705,2023-09-14 16:58:51.314547,0.0,0 days 00:01:06.621554,0 days 00:04:10.822009,,0 days 00:14:01.186158
198,220,f,1.0,3.0,,,,2023-09-14 16:59:30.982235,,,,,
200,222,f,1.0,2.0,,,2023-09-14 17:05:45.422487,2023-09-14 17:03:23.702903,0.0,,,,0 days 00:02:21.719584
201,223,f,1.0,1.0,2023-09-14 17:03:48.411596,,,2023-09-14 17:03:03.468005,,0 days 00:00:44.943591,,,
202,224,m,1.0,1.0,2023-09-14 17:08:47.443384,2023-09-14 17:11:31.298259,,2023-09-14 17:07:32.184339,,0 days 00:01:15.259045,0 days 00:03:59.113920,,
203,225,m,1.0,2.0,2023-09-14 17:15:02.977458,,,2023-09-14 17:11:37.615004,,0 days 00:03:25.362454,,,
205,227,f,1.0,3.0,2023-09-14 17:16:51.708514,2023-09-14 17:27:34.666245,,2023-09-14 17:14:36.167774,,0 days 00:02:15.540740,0 days 00:12:58.498471,,
206,228,f,1.0,2.0,,,,2023-09-14 17:20:27.787385,,,,,
207,229,f,1.0,2.0,,,,2023-09-14 17:31:17.653178,,,,,
209,231,f,1.0,3.0,2023-09-14 17:36:50.972989,2023-09-14 17:45:27.847992,,2023-09-14 17:33:18.679103,,0 days 00:03:32.293886,0 days 00:12:09.168889,,
210,232,m,1.0,1.0,2023-09-14 17:41:26.878776,2023-09-14 17:42:25.759996,,2023-09-14 17:34:52.613955,,0 days 00:06:34.264821,0 days 00:07:33.146041,,
213,235,m,1.0,1.0,,,,2023-09-14 17:40:30.656375,,,,,
214,236,m,3.0,3.0,2023-09-14 17:46:40.731732,,,2023-09-14 17:43:30.230022,,0 days 00:03:10.501710,,,
215,237,m,1.0,2.0,2023-09-14 17:45:53.246928,,,2023-09-14 17:44:42.632099,,0 days 00:01:10.614829,,,
216,238,m,1.0,1.0,2023-09-14 17:56:56.129041,,,2023-09-14 17:56:11.666916,,0 days 00:00:44.462125,,,
217,239,m,0.0,0.0,2023-09-14 17:59:47.709325,2023-09-14 18:09:20.434339,,2023-09-14 17:58:31.186255,,0 days 00:01:16.523070,0 days 00:10:49.248084,,
218,240,f,1.0,2.0,2023-09-14 18:10:12.702288,,2023-09-14 18:11:10.997737,2023-09-14 18:09:18.866174,0.0,0 days 00:00:53.836114,,,0 days 00:01:52.131563
219,241,f,1.0,1.0,2023-09-14 18:14:44.714692,2023-09-14 18:18:24.647157,2023-09-14 18:24:55.285513,2023-09-14 18:13:39.978151,1.0,0 days 00:01:04.736541,0 days 00:04:44.669006,0 days 00:11:15.307362,0 days 00:11:15.307362
221,243,m,1.0,2.0,2023-09-14 18:25:27.658659,,,2023-09-14 18:23:10.770455,,0 days 00:02:16.888204,,,
222,244,,1.0,1.0,2023-09-14 18:40:39.481893,,,2023-09-14 18:38:41.602683,,0 days 00:01:57.879210,,,
223,245,,,,,,2023-09-14 18:43:13.947217,2023-09-14 18:42:42.547794,0.0,,,,0 days 00:00:31.399423
225,247,,1.0,,2023-09-14 18:47:57.906997,,,2023-09-14 18:45:56.536496,,0 days 00:02:01.370501,,,
226,248,f,1.0,2.0,2023-09-14 18:48:26.329079,,,2023-09-14 18:46:54.545225,,0 days 00:01:31.783854,,,
228,250,f,1.0,1.0,2023-09-14 18:59:23.631416,2023-09-14 19:05:18.980802,2023-09-14 19:09:03.407136,2023-09-14 18:57:48.314192,1.0,0 days 00:01:35.317224,0 days 00:07:30.666610,0 days 00:11:15.092944,0 days 00:11:15.092944
230,252,m,2.0,3.0,2023-09-14 18:59:18.108439,,,2023-09-14 18:58:05.516135,,0 days 00:01:12.592304,,,
232,254,m,1.0,2.0,2023-09-14 19:05:17.904518,2023-09-14 19:11:45.838299,,2023-09-14 19:04:34.153568,,0 days 00:00:43.750950,0 days 00:07:11.684731,,
234,256,f,1.0,1.0,,,,2023-09-14 19:18:35.662020,,,,,
235,257,m,2.0,3.0,2023-09-14 19:19:40.318316,2023-09-14 19:32:31.348862,2023-09-14 19:55:10.431840,2023-09-14 19:15:52.083819,1.0,0 days 00:03:48.234497,0 days 00:16:39.265043,0 days 00:39:18.348021,0 days 00:39:18.348021
236,258,,2.0,3.0,,,,2023-09-14 19:19:49.000345,,,,,
237,259,m,1.0,2.0,2023-09-14 19:24:17.182468,,,2023-09-14 19:22:08.663081,,0 days 00:02:08.519387,,,
238,260,,1.0,1.0,,,,2023-09-14 19:24:30.778639,,,,,
239,261,f,1.0,2.0,2023-09-14 19:29:12.068162,,,2023-09-14 19:28:19.974652,,0 days 00:00:52.093510,,,
240,262,f,1.0,2.0,2023-09-14 19:48:58.610334,,,2023-09-14 19:48:11.221581,,0 days 00:00:47.388753,,,
241,263,m,2.0,3.0,2023-09-14 19:53:26.326131,,,2023-09-14 19:51:26.839663,,0 days 00:01:59.486468,,,
243,265,m,1.0,1.0,,,,2023-09-14 20:05:48.073476,,,,,
244,266,f,1.0,1.0,2023-09-14 20:10:54.399439,,,2023-09-14 20:08:59.666060,,0 days 00:01:54.733379,,,
245,267,f,1.0,1.0,2023-09-14 20:15:29.211917,2023-09-14 20:19:20.702013,2023-09-14 20:22:24.911617,2023-09-14 20:13:26.498346,1.0,0 days 00:02:02.713571,0 days 00:05:54.203667,0 days 00:08:58.413271,0 days 00:08:58.413271
246,268,f,1.0,2.0,2023-09-14 20:28:40.285265,,,2023-09-14 20:28:07.657423,,0 days 00:00:32.627842,,,
248,270,,,,,,,2023-09-14 20:40:27.096722,,,,,
249,271,m,1.0,0.0,2023-09-14 20:44:19.378054,2023-09-14 20:49:12.221163,2023-09-14 20:51:21.992445,2023-09-14 20:41:58.225303,1.0,0 days 00:02:21.152751,0 days 00:07:13.995860,0 days 00:09:23.767142,0 days 00:09:23.767142
251,273,f,1.0,1.0,,,,2023-09-14 20:45:59.087539,,,,,
252,274,f,1.0,1.0,2023-09-14 20:46:52.847102,,,2023-09-14 20:46:21.472682,,0 days 00:00:31.374420,,,
253,275,f,1.0,2.0,2023-09-14 20:51:16.937322,2023-09-14 20:56:46.872895,2023-09-14 21:06:42.979924,2023-09-14 20:48:30.407248,1.0,0 days 00:02:46.530074,0 days 00:08:16.465647,0 days 00:18:12.572676,0 days 00:18:12.572676
254,276,,1.0,1.0,,,2023-09-14 20:53:38.370044,2023-09-14 20:52:59.079592,0.0,,,,0 days 00:00:39.290452
255,277,m,2.0,3.0,2023-09-14 20:56:26.131524,,,2023-09-14 20:55:44.913800,,0 days 00:00:41.217724,,,
257,279,f,1.0,2.0,2023-09-14 21:21:39.707482,,,2023-09-14 21:19:25.645538,,0 days 00:02:14.061944,,,
258,280,m,1.0,1.0,2023-09-14 21:30:47.286899,2023-09-14 21:32:35.328626,,2023-09-14 21:28:15.172021,,0 days 00:02:32.114878,0 days 00:04:20.156605,,
259,281,m,2.0,3.0,,,,2023-09-14 21:30:14.982155,,,,,
261,283,m,1.0,1.0,2023-09-14 21:47:20.756704,2023-09-14 21:51:16.032870,,2023-09-14 21:46:42.966994,,0 days 00:00:37.789710,0 days 00:04:33.065876,,
264,286,f,1.0,2.0,2023-09-14 22:26:13.163149,2023-09-14 22:32:48.576479,2023-09-14 22:35:53.863160,2023-09-14 22:24:00.279351,1.0,0 days 00:02:12.883798,0 days 00:08:48.297128,0 days 00:11:53.583809,0 days 00:11:53.583809
265,287,m,1.0,2.0,,,,2023-09-14 22:27:27.617129,,,,,
266,288,m,2.0,3.0,2023-09-14 22:44:25.433450,,,2023-09-14 22:43:21.535055,,0 days 00:01:03.898395,,,
267,289,m,2.0,3.0,,,,2023-09-14 23:11:39.410997,,,,,
268,290,m,1.0,1.0,,,2023-09-14 23:20:15.133890,2023-09-14 23:17:39.912149,0.0,,,,0 days 00:02:35.221741
269,291,f,0.0,4.0,2023-09-14 23:21:42.688029,2023-09-14 23:25:46.029311,,2023-09-14 23:21:12.628170,,0 days 00:00:30.059859,0 days 00:04:33.401141,,
271,293,m,1.0,1.0,,,,2023-09-15 02:33:42.839740,,,,,
272,294,f,1.0,1.0,,,,2023-09-15 05:26:20.436561,,,,,
273,295,f,1.0,1.0,2023-09-15 05:28:25.199806,,,2023-09-15 05:26:46.627791,,0 days 00:01:38.572015,,,
275,297,f,0.0,1.0,2023-09-15 05:40:22.784035,,,2023-09-15 05:39:24.859224,,0 days 00:00:57.924811,,,
276,298,f,1.0,3.0,2023-09-15 05:49:04.533416,,2023-09-15 05:50:58.178965,2023-09-15 05:47:20.379865,0.0,0 days 00:01:44.153551,,,0 days 00:03:37.799100
278,300,f,2.0,3.0,2023-09-15 06:08:04.201326,,,2023-09-15 06:06:13.410799,,0 days 00:01:50.790527,,,
280,302,f,2.0,3.0,,,,2023-09-15 06:09:37.407122,,,,,
281,303,m,1.0,1.0,2023-09-15 06:19:02.804533,,,2023-09-15 06:18:07.660844,,0 days 00:00:55.143689,,,
282,304,f,2.0,3.0,2023-09-15 06:23:06.224543,,,2023-09-15 06:20:44.569745,,0 days 00:02:21.654798,,,
283,305,f,2.0,3.0,,,,2023-09-15 06:24:31.491493,,,,,
284,306,m,2.0,3.0,2023-09-15 06:41:17.864736,2023-09-15 06:42:52.708028,2023-09-15 06:45:54.863184,2023-09-15 06:38:48.521540,1.0,0 days 00:02:29.343196,0 days 00:04:04.186488,0 days 00:07:06.341644,0 days 00:07:06.341644
285,307,m,1.0,2.0,2023-09-15 06:55:18.365083,2023-09-15 06:58:12.906453,2023-09-15 07:09:21.189177,2023-09-15 06:53:21.239031,1.0,0 days 00:01:57.126052,0 days 00:04:51.667422,0 days 00:15:59.950146,0 days 00:15:59.950146
287,309,f,0.0,1.0,2023-09-15 07:19:03.670229,,2023-09-15 07:20:12.236528,2023-09-15 07:18:02.973808,0.0,0 days 00:01:00.696421,,,0 days 00:02:09.262720
288,310,f,1.0,1.0,,,,2023-09-15 07:58:51.231236,,,,,
289,311,m,1.0,2.0,2023-09-15 08:02:57.120662,,,2023-09-15 08:01:37.141563,,0 days 00:01:19.979099,,,
290,312,m,0.0,2.0,,,,2023-09-15 08:38:47.615448,,,,,
292,314,f,2.0,4.0,2023-09-15 08:42:12.391977,2023-09-15 08:51:54.782565,2023-09-15 08:54:55.413158,2023-09-15 08:41:22.554488,1.0,0 days 00:00:49.837489,0 days 00:10:32.228077,0 days 00:13:32.858670,0 days 00:13:32.858670
295,317,m,1.0,2.0,,,,2023-09-15 08:55:55.933820,,,,,
296,318,m,1.0,2.0,2023-09-15 09:01:47.094647,,,2023-09-15 08:58:46.029631,,0 days 00:03:01.065016,,,
297,319,m,1.0,1.0,,,,2023-09-15 09:00:34.603299,,,,,
298,320,m,1.0,1.0,2023-09-15 09:26:33.868512,,,2023-09-15 09:24:41.920817,,0 days 00:01:51.947695,,,
299,321,f,1.0,1.0,2023-09-15 09:34:25.105003,2023-09-15 09:38:10.745644,2023-09-15 09:50:15.054288,2023-09-15 09:31:30.572648,1.0,0 days 00:02:54.532355,0 days 00:06:40.172996,0 days 00:18:44.481640,0 days 00:18:44.481640
300,322,f,1.0,2.0,,,,2023-09-15 10:09:20.342414,,,,,
302,324,f,1.0,1.0,2023-09-15 10:29:03.125888,2023-09-15 10:33:55.159063,2023-09-15 10:49:54.324225,2023-09-15 10:28:03.158940,1.0,0 days 00:00:59.966948,0 days 00:05:52.000123,0 days 00:21:51.165285,0 days 00:21:51.165285
304,326,f,2.0,3.0,,,2023-09-15 10:53:31.637537,2023-09-15 10:52:20.759658,0.0,,,,0 days 00:01:10.877879
306,328,f,3.0,3.0,2023-09-15 11:37:19.497295,,,2023-09-15 11:33:06.028074,,0 days 00:04:13.469221,,,
307,329,,,,2023-09-15 11:29:46.976890,,,2023-09-15 11:28:45.722585,,0 days 00:01:01.254305,,,
308,330,f,3.0,3.0,,,,2023-09-15 12:17:47.221141,,,,,
309,331,m,1.0,2.0,,,,2023-09-15 15:11:40.290990,,,,,
310,332,m,,,2023-09-15 15:13:25.495903,,,2023-09-15 15:13:00.829630,,0 days 00:00:24.666273,,,
311,333,m,1.0,2.0,2023-09-15 18:05:01.167839,2023-09-15 18:07:04.222548,2023-09-15 20:57:25.727094,2023-09-15 18:03:18.426312,1.0,0 days 00:01:42.741527,0 days 00:03:45.796236,0 days 02:54:07.300782,0 days 02:54:07.300782
312,334,f,2.0,3.0,2023-09-15 18:22:52.558117,2023-09-15 18:26:33.421700,2023-09-15 18:31:22.978088,2023-09-15 18:15:29.605993,1.0,0 days 00:07:22.952124,0 days 00:11:03.815707,0 days 00:15:53.372095,0 days 00:15:53.372095
313,335,m,3.0,3.0,2023-09-15 20:30:46.383200,,,2023-09-15 20:29:57.324025,,0 days 00:00:49.059175,,,
314,336,m,2.0,3.0,2023-09-15 20:45:25.728691,,,2023-09-15 20:43:58.216607,,0 days 00:01:27.512084,,,
315,337,m,2.0,3.0,2023-09-15 21:30:32.198109,2023-09-15 21:34:47.917077,2023-09-15 21:38:23.009025,2023-09-15 21:26:21.431442,1.0,0 days 00:04:10.766667,0 days 00:08:26.485635,0 days 00:12:01.577583,0 days 00:12:01.577583
317,339,f,2.0,3.0,2023-09-16 08:51:33.978177,2023-09-16 09:00:41.800728,,2023-09-16 08:47:33.470241,,0 days 00:04:00.507936,0 days 00:13:08.330487,,
318,340,f,2.0,3.0,2023-09-16 09:05:17.275418,2023-09-16 09:09:26.918550,,2023-09-16 09:02:18.505857,,0 days 00:02:58.769561,0 days 00:07:08.412693,,
319,341,f,2.0,3.0,2023-09-16 11:39:56.699668,,,2023-09-16 11:38:23.058715,,0 days 00:01:33.640953,,,
320,342,m,2.0,4.0,2023-09-16 13:43:01.539865,,,2023-09-16 13:41:50.252036,,0 days 00:01:11.287829,,,
321,343,m,2.0,4.0,,,,2023-09-16 19:11:52.306221,,,,,
323,345,,2.0,2.0,2023-09-16 21:03:50.815881,2023-09-16 21:11:12.943662,,2023-09-16 21:03:32.974719,,0 days 00:00:17.841162,0 days 00:07:39.968943,,
325,347,,2.0,,2023-09-17 10:29:40.832249,2023-09-17 10:33:33.738112,2023-09-17 10:35:41.776315,2023-09-17 10:27:54.780575,1.0,0 days 00:01:46.051674,0 days 00:05:38.957537,0 days 00:07:46.995740,0 days 00:07:46.995740
327,349,m,2.0,3.0,2023-09-17 16:14:23.702035,,,2023-09-17 16:13:57.693663,,0 days 00:00:26.008372,,,
328,350,m,2.0,3.0,2023-09-17 17:47:35.463249,2023-09-17 17:55:46.446217,2023-09-17 17:59:46.224974,2023-09-17 17:45:52.359734,1.0,0 days 00:01:43.103515,0 days 00:09:54.086483,0 days 00:13:53.865240,0 days 00:13:53.865240
329,351,m,3.0,3.0,2023-09-18 07:17:19.950362,,,2023-09-18 07:16:38.123617,,0 days 00:00:41.826745,,,
331,353,m,1.0,2.0,2023-09-18 07:46:48.798682,,,2023-09-18 07:42:53.262768,,0 days 00:03:55.535914,,,
332,354,,,,2023-09-18 07:53:51.882320,,,2023-09-18 07:52:46.167820,,0 days 00:01:05.714500,,,
333,355,,,,,,,2023-09-18 08:07:53.991391,,,,,
334,356,f,1.0,2.0,2023-09-18 09:04:16.949479,2023-09-18 09:10:55.646627,2023-09-18 09:16:49.615504,2023-09-18 09:01:58.987615,1.0,0 days 00:02:17.961864,0 days 00:08:56.659012,0 days 00:14:50.627889,0 days 00:14:50.627889
337,359,m,2.0,3.0,2023-09-19 18:48:58.189244,,,2023-09-19 18:47:31.994773,,0 days 00:01:26.194471,,,
338,360,m,2.0,3.0,2023-09-19 19:36:12.884087,,,2023-09-19 19:31:46.186907,,0 days 00:04:26.697180,,,
339,361,m,1.0,2.0,,,2023-09-19 21:06:56.645378,2023-09-19 21:05:48.414572,0.0,,,,0 days 00:01:08.230806
340,362,,,,2023-09-20 08:24:18.060605,,2023-09-20 08:24:41.765543,2023-09-20 08:21:36.770424,0.0,0 days 00:02:41.290181,,,0 days 00:03:04.995119
