game_id,last_hint_correct,history_hint_correct,group,sex,age,education,hint_density,manipulation_detected
23,1.0,2.17348331417232,event1,m,0.0,0.0,-1.2584056890029196,0
23,0.0,0.3059365900734627,event1,m,0.0,0.0,-1.2584056890029196,1
23,0.0,-0.3165789846261565,event1,m,0.0,0.0,-0.8697651518702314,1
23,0.0,-0.627836771975966,event1,m,0.0,0.0,-0.9561297156774952,1
24,0.0,-1.5616101340253947,event1,m,0.0,0.0,-0.351577769026647,1
25,0.0,-1.5616101340253947,event1,m,0.0,0.0,-2.618647568967329,0
25,0.0,-1.5616101340253947,event1,m,0.0,0.0,-2.1652336089791926,1
25,0.0,-1.5616101340253947,event1,m,0.0,0.0,-1.8025024409886832,1
25,1.0,-0.8145914443858517,event1,m,0.0,0.0,-1.4676736705359055,1
25,0.0,-0.9390945593257757,event1,m,0.0,0.0,-1.2584056890029196,1
25,0.0,-1.0280253557114354,event1,m,0.0,0.0,-1.077040105007665,1
25,0.0,-1.0947234530006804,event1,m,0.0,0.0,-1.0983772325365184,1
25,0.0,-1.1465997508923154,event1,m,0.0,0.0,-0.9561297156774952,1
26,1.0,2.17348331417232,event1,m,0.0,0.0,1.4620780709258987,0
26,0.0,1.4264646245327772,event1,m,0.0,0.0,1.4620780709258987,0
26,0.0,0.9284521647730817,event1,m,0.0,0.0,1.4620780709258987,0
26,0.0,0.5727289792304422,event1,m,0.0,0.0,1.4620780709258987,0
26,1.0,1.1063137575444015,event1,m,0.0,0.0,1.1220176009347964,0
26,0.0,0.9284521647730817,event1,m,0.0,0.0,0.6029779362115348,0
26,1.0,0.8552150383378326,event1,m,0.0,0.0,0.6847969966605219,0
26,1.0,0.7973962543100039,event1,m,0.0,0.0,0.37388456695437167,0
26,1.0,0.8743203756687672,event1,m,0.0,0.0,0.37388456695437167,0
26,0.0,0.7728232710981771,event1,m,0.0,0.0,0.40898758321151724,1
26,0.0,0.6794459348932341,event1,m,0.0,0.0,0.4418966609525919,1
28,1.0,0.9284521647730817,event1,f,0.0,1.0,1.4620780709258987,1
28,0.0,0.3059365900734627,event1,f,0.0,1.0,1.4620780709258987,0
28,1.0,0.3059365900734627,event1,f,0.0,1.0,1.4620780709258987,1
28,1.0,0.8152675148276964,event1,f,0.0,1.0,0.6847969966605219,1
28,1.0,0.8395213683874221,event1,f,0.0,1.0,0.8219642450602943,0
28,0.0,0.6794459348932341,event1,f,0.0,1.0,0.85752612427505,1
28,1.0,0.6355036590320846,event1,f,0.0,1.0,0.6847969966605219,1
28,1.0,0.6794459348932341,event1,f,0.0,1.0,0.5915232677486768,1
28,1.0,0.8288496728211429,event1,f,0.0,1.0,0.7366157349448808,1
29,1.0,1.2397099521228914,event1,m,0.0,1.0,0.5552501509496263,1
29,1.0,1.1063137575444015,event1,m,0.0,1.0,0.85752612427505,0
29,1.0,1.1548214646638524,event1,m,0.0,1.0,1.043542107859927,1
29,1.0,1.0242237916499461,event1,m,0.0,1.0,1.0993469029353897,0
29,0.0,0.8395213683874221,event1,m,0.0,1.0,0.5552501509496263,1
29,1.0,0.7728232710981771,event1,m,0.0,1.0,0.6459329429472531,0
30,0.0,-1.5616101340253947,event1,m,1.0,1.0,-0.351577769026647,1
30,1.0,-0.3165789846261565,event1,m,1.0,1.0,0.37388456695437167,0
30,0.0,-0.627836771975966,event1,m,1.0,1.0,-0.09248407760485447,0
30,1.0,-0.3165789846261565,event1,m,1.0,1.0,-0.5164555726586965,1
30,1.0,-0.16095009095125165,event1,m,1.0,1.0,-0.48112461473754264,1
30,1.0,0.3059365900734627,event1,m,1.0,1.0,-0.04930179570122259,1
30,0.0,0.16227914975816607,event1,m,1.0,1.0,0.030244513068625745,1
30,1.0,0.18143347513353889,event1,m,1.0,1.0,0.16660961381693742,1
30,1.0,0.4042285229207709,event1,m,1.0,1.0,0.051456862073918676,0
30,1.0,0.39486738645912267,event1,m,1.0,1.0,0.14874108337405523,1
30,1.0,0.3871342737299347,event1,m,1.0,1.0,-0.13820649373811175,1
30,0.0,0.3059365900734627,event1,m,1.0,1.0,-0.09248407760485447,1
30,1.0,0.3751049872623092,event1,m,1.0,1.0,0.030244513068625745,0
30,0.0,0.3059365900734627,event1,m,1.0,1.0,0.06695819403932539,1
30,1.0,0.3059365900734627,event1,m,1.0,1.0,0.13501282218013377,1
30,1.0,0.3059365900734627,event1,m,1.0,1.0,0.19673678723807647,1
30,0.0,0.2493442651007701,event1,m,1.0,1.0,0.13206378829403193,1
30,0.0,0.1960809004205887,event1,m,1.0,1.0,0.072894874366502,1
30,0.0,0.14586115657927487,event1,m,1.0,1.0,-0.06139283463423964,1
30,0.0,0.0984313985069229,event1,m,1.0,1.0,-0.03152085609384476,1
30,0.0,0.05356541114118476,event1,m,1.0,1.0,-0.002797799805003638,1
30,1.0,0.1692868297735464,event1,m,1.0,1.0,0.1018361909614896,1
30,1.0,0.34567162675641694,event1,m,1.0,1.0,0.16660961381693742,1
30,1.0,0.34404978852445983,event1,m,1.0,1.0,0.20647018172798284,1
30,1.0,0.44427338445115605,event1,m,1.0,1.0,0.1774051842928454,0
30,1.0,0.43933278465195247,event1,m,1.0,1.0,0.21212607312076612,0
30,1.0,0.5202452305438232,event1,m,1.0,1.0,0.23786037895793066,0
30,1.0,0.5393799305858199,event1,m,1.0,1.0,0.2821092111977364,0
30,0.0,0.5070570065148782,event1,m,1.0,1.0,0.2961564595278337,0
30,1.0,0.6385134039540812,event1,m,1.0,1.0,0.30442540712640176,1
30,0.0,0.6087820047921961,event1,m,1.0,1.0,0.3166112246400806,1
35,0.0,-1.5616101340253947,event1,m,0.0,0.0,-1.8025024409886832,0
36,1.0,2.17348331417232,event1,f,0.0,1.0,1.4620780709258987,1
36,0.0,0.3059365900734627,event1,f,0.0,1.0,1.4620780709258987,1
36,0.0,-0.3165789846261565,event1,f,0.0,1.0,1.4620780709258987,1
36,0.0,-0.627836771975966,event1,f,0.0,1.0,1.4620780709258987,1
36,1.0,-0.3165789846261565,event1,f,0.0,1.0,1.4620780709258987,1
36,0.0,-0.49444057739747627,event1,f,0.0,1.0,0.85752612427505,1
37,1.0,2.17348331417232,event1,f,0.0,1.0,-0.351577769026647,0
37,0.0,0.3059365900734627,event1,f,0.0,1.0,0.1018361909614896,0
37,1.0,0.6794459348932341,event1,f,0.0,1.0,0.6847969966605219,0
37,0.0,0.3059365900734627,event1,f,0.0,1.0,-0.804991729014783,0
37,1.0,0.3059365900734627,event1,f,0.0,1.0,-1.0983772325365184,0
37,1.0,0.3059365900734627,event1,f,0.0,1.0,-0.8288556216457376,1
37,0.0,0.1361596151553847,event1,f,0.0,1.0,-1.1401237863973188,1
37,1.0,0.16227914975816607,event1,f,0.0,1.0,-1.0491377074699337,1
37,0.0,0.03914420091648298,event1,f,0.0,1.0,-0.9561297156774952,1
37,1.0,0.07249324956110552,event1,f,0.0,1.0,-0.8956745210124105,1
37,0.0,-0.023630478885159272,event1,f,0.0,1.0,-0.8196179857885938,1
37,0.0,-0.1090737930596167,event1,f,0.0,1.0,-0.7483149840162662,1
37,0.0,-0.1855230741630788,event1,f,0.0,1.0,-0.9561297156774952,1
37,0.0,-0.2543274271561946,event1,f,0.0,1.0,-0.9720389774314647,1
41,0.0,-1.5616101340253947,event1,m,2.0,2.0,1.4620780709258987,1
41,1.0,0.3059365900734627,event1,m,2.0,2.0,1.4620780709258987,1
42,1.0,2.17348331417232,event1,m,2.0,3.0,1.4620780709258987,0
45,1.0,0.3059365900734627,event1,m,0.0,1.0,-0.714308937017156,0
45,1.0,0.3059365900734627,event1,m,0.0,1.0,-0.578284749020715,0
48,1.0,2.17348331417232,event1,m,3.0,3.0,1.4620780709258987,0
48,0.0,0.3059365900734627,event1,m,3.0,3.0,-1.2584056890029196,1
48,0.0,-0.3165789846261565,event1,m,3.0,3.0,-0.8697651518702314,1
48,0.0,-0.627836771975966,event1,m,3.0,3.0,-1.2584056890029196,1
48,0.0,-0.8145914443858517,event1,m,3.0,3.0,-1.0110889835548453,1
48,0.0,-0.9390945593257757,event1,m,3.0,3.0,-0.804991729014783,1
48,0.0,-1.0280253557114354,event1,m,3.0,3.0,-0.6306017444039613,1
49,0.0,-1.5616101340253947,event1,m,0.0,0.0,1.4620780709258987,0
49,0.0,-1.5616101340253947,event1,m,0.0,0.0,1.4620780709258987,1
49,1.0,0.3059365900734627,event1,m,0.0,0.0,0.7819571309436942,0
49,0.0,0.03914420091648298,event1,m,0.0,0.0,0.85752612427505,1
52,0.0,-1.5616101340253947,event1,m,0.0,0.0,-1.2584056890029196,1
52,1.0,-0.3165789846261565,event1,m,0.0,0.0,-0.351577769026647,1
52,0.0,-0.627836771975966,event1,m,0.0,0.0,-0.09248407760485447,1
52,0.0,-0.8145914443858517,event1,m,0.0,0.0,0.1018361909614896,1
52,0.0,-0.9390945593257757,event1,m,0.0,0.0,-0.17021218503139246,0
52,0.0,-1.0280253557114354,event1,m,0.0,0.0,-0.02182216176254748,1
52,1.0,-0.7315893677592359,event1,m,0.0,0.0,-0.09248407760485447,1
55,1.0,0.9284521647730817,event1,m,0.0,1.0,1.4620780709258987,1
55,0.0,0.3059365900734627,event1,m,0.0,1.0,0.5552501509496263,0
55,0.0,-0.0675727547463087,event1,m,0.0,1.0,0.6847969966605219,0
55,0.0,-0.3165789846261565,event1,m,0.0,1.0,0.2529741776242018,0
55,0.0,-0.49444057739747627,event1,m,0.0,1.0,0.37388456695437167,1
55,0.0,-0.627836771975966,event1,m,0.0,1.0,0.4728112491336015,0
55,0.0,-0.7315893677592359,event1,m,0.0,1.0,0.5552501509496263,1
55,0.0,-0.8145914443858517,event1,m,0.0,1.0,0.6250061447939547,1
55,0.0,-0.8825022343530828,event1,m,0.0,1.0,0.6847969966605219,1
55,0.0,-0.9390945593257757,event1,m,0.0,1.0,0.7366157349448808,1
55,0.0,-0.9869803727642078,event1,m,0.0,1.0,0.7819571309436942,1
55,0.0,-1.0280253557114354,event1,m,0.0,1.0,0.8219642450602943,1
56,0.0,-1.5616101340253947,event1,m,0.0,1.0,-0.351577769026647,0
56,0.0,-1.5616101340253947,event1,m,0.0,1.0,0.1018361909614896,1
56,1.0,-0.627836771975966,event1,m,0.0,1.0,0.5552501509496263,1
56,0.0,-0.8145914443858517,event1,m,0.0,1.0,0.6847969966605219,1
58,1.0,0.9284521647730817,event1,m,0.0,0.0,1.4620780709258987,0
58,0.0,0.3059365900734627,event1,m,0.0,0.0,1.4620780709258987,0
60,1.0,2.17348331417232,event1,f,2.0,3.0,1.4620780709258987,0
60,1.0,1.4264646245327772,event1,f,2.0,3.0,1.4620780709258987,0
60,1.0,1.1063137575444015,event1,f,2.0,3.0,1.4620780709258987,0
60,0.0,0.7728232710981771,event1,f,2.0,3.0,0.1018361909614896,1
60,1.0,0.8152675148276964,event1,f,2.0,3.0,-0.13820649373811175,1
60,0.0,0.6171943774232724,event1,f,2.0,3.0,-0.04930179570122259,1
60,0.0,0.44959403038875934,event1,f,2.0,3.0,0.030244513068625745,1
60,1.0,0.43043970501338646,event1,f,2.0,3.0,0.16660961381693742,0
60,0.0,0.3059365900734627,event1,f,2.0,3.0,0.2254945436855267,1
60,0.0,0.1960809004205887,event1,f,2.0,3.0,0.1018361909614896,0
60,0.0,0.0984313985069229,event1,f,2.0,3.0,-0.002797799805003638,1
60,0.0,0.011060791531537755,event1,f,2.0,3.0,0.051456862073918676,1
60,1.0,0.22473890641699068,event1,f,2.0,3.0,0.1018361909614896,1
60,1.0,0.3059365900734627,event1,f,2.0,3.0,-0.008453691197786894,1
60,1.0,0.3059365900734627,event1,f,2.0,3.0,0.06695819403932539,1
60,0.0,0.24153842717350218,event1,f,2.0,3.0,0.002306297305557141,1
60,0.0,0.18143347513353889,event1,f,2.0,3.0,-0.05633146949948849,1
60,0.0,0.12520626193486353,event1,f,2.0,3.0,-0.02182216176254748,1
62,0.0,-1.5616101340253947,event1,f,3.0,3.0,-0.351577769026647,1
63,1.0,2.17348331417232,event1,m,0.0,0.0,-1.647046226135608,0
63,1.0,1.2397099521228914,event1,m,0.0,0.0,-0.9561297156774952,0
63,1.0,1.1063137575444015,event1,m,0.0,0.0,-1.077040105007665,0
63,0.0,0.7728232710981771,event1,m,0.0,0.0,-1.2584056890029196,1
63,0.0,0.5134417816400025,event1,m,0.0,0.0,-1.3879525347138157,0
63,0.0,0.3059365900734627,event1,m,0.0,0.0,-1.6769416520688916,1
63,0.0,0.1361596151553847,event1,m,0.0,0.0,-1.727454613128578,1
63,0.0,-0.005321197276346802,event1,m,0.0,0.0,-1.6211368569934286,1
67,0.0,-1.5616101340253947,event1,m,0.0,1.0,1.4620780709258987,0
67,1.0,0.6794459348932341,event1,m,0.0,1.0,0.6847969966605219,0
67,1.0,0.5727289792304422,event1,m,0.0,1.0,0.85752612427505,1
68,0.0,-1.5616101340253947,event1,f,0.0,0.0,1.4620780709258987,0
69,1.0,0.9284521647730817,event1,m,0.0,0.0,-0.351577769026647,1
70,1.0,2.17348331417232,event1,m,0.0,0.0,1.4620780709258987,0
74,1.0,2.17348331417232,event1,m,0.0,1.0,-0.351577769026647,1
74,0.0,0.3059365900734627,event1,m,0.0,1.0,0.1018361909614896,1
74,0.0,-0.3165789846261565,event1,m,0.0,1.0,-0.8697651518702314,1
74,0.0,-0.627836771975966,event1,m,0.0,1.0,-0.578284749020715,1
74,1.0,0.3059365900734627,event1,m,0.0,1.0,-0.21206578133798953,1
74,0.0,0.0984313985069229,event1,m,0.0,1.0,-0.351577769026647,1
74,0.0,-0.0675727547463087,event1,m,0.0,1.0,-0.458263406670914,1
74,0.0,-0.2033943346807711,event1,m,0.0,1.0,-0.351577769026647,1
74,0.0,-0.3165789846261565,event1,m,0.0,1.0,-0.2561221985028285,1
74,0.0,-0.4123506115030208,event1,m,0.0,1.0,-0.17021218503139246,1
74,0.0,-0.49444057739747627,event1,m,0.0,1.0,-0.578284749020715,1
74,0.0,-0.5655852145060041,event1,m,0.0,1.0,-0.6306017444039613,1
74,0.0,-0.627836771975966,event1,m,0.0,1.0,-0.5530950845769296,1
74,0.0,-0.682764616802403,event1,m,0.0,1.0,-0.48112461473754264,1
74,1.0,-0.5786908055523119,event1,m,0.0,1.0,-0.6813333762907459,1
74,1.0,-0.26244719552184176,event1,m,0.0,1.0,-0.5424889100742833,1
74,0.0,-0.3165789846261565,event1,m,0.0,1.0,-0.49108975671530386,1
74,0.0,-0.36638023060212593,event1,m,0.0,1.0,-0.6106714604484389,0
74,1.0,-0.22764818824049654,event1,m,0.0,1.0,-0.6216967239131961,1
74,0.0,-0.2736468760261826,event1,m,0.0,1.0,-0.6476848449372664,1
74,1.0,-0.23625439434233456,event1,m,0.0,1.0,-0.6306017444039613,1
74,0.0,-0.27767176120743026,event1,m,0.0,1.0,-0.5911172195864172,1
74,0.0,-0.3165789846261565,event1,m,0.0,1.0,-0.5530950845769296,1
75,1.0,2.17348331417232,event1,m,2.0,3.0,1.4620780709258987,0
80,0.0,-1.5616101340253947,event1,m,2.0,3.0,-2.1652336089791926,1
80,0.0,-1.5616101340253947,event1,m,2.0,3.0,-1.9385266289851242,1
80,0.0,-1.5616101340253947,event1,m,2.0,3.0,-1.560681662328344,1
82,0.0,-1.5616101340253947,event1,m,0.0,1.0,-1.2584056890029196,0
84,0.0,-1.5616101340253947,event1,m,1.0,1.0,-2.1652336089791926,0
84,0.0,-1.5616101340253947,event1,m,1.0,1.0,-1.9385266289851242,0
84,0.0,-1.5616101340253947,event1,m,1.0,1.0,-1.560681662328344,0
84,0.0,-1.5616101340253947,event1,m,1.0,1.0,-1.2584056890029196,0
84,0.0,-1.5616101340253947,event1,m,1.0,1.0,-1.0110889835548453,0
84,1.0,-1.0280253557114354,event1,m,1.0,1.0,-1.077040105007665,1
84,0.0,-1.0947234530006804,event1,m,1.0,1.0,-0.9183452190118173,0
84,1.0,-0.8145914443858517,event1,m,1.0,1.0,-0.6538537423520708,0
84,0.0,-0.8825022343530828,event1,m,1.0,1.0,-0.5424889100742833,0
84,1.0,-0.6996654921336143,event1,m,1.0,1.0,-0.351577769026647,0
84,0.0,-0.7612329665544558,event1,m,1.0,1.0,-0.43043237076371393,0
84,0.0,-0.8145914443858517,event1,m,1.0,1.0,-0.6306017444039613,0
84,0.0,-0.8612801124883231,event1,m,1.0,1.0,-0.5530950845769296,0
90,1.0,0.3059365900734627,event1,f,0.0,1.0,1.4620780709258987,0
90,0.0,-0.3165789846261565,event1,f,0.0,1.0,1.4620780709258987,1
90,0.0,-0.627836771975966,event1,f,0.0,1.0,1.4620780709258987,1
91,1.0,2.17348331417232,event1,m,1.0,1.0,1.4620780709258987,0
91,0.0,0.3059365900734627,event1,m,1.0,1.0,1.4620780709258987,1
91,0.0,-0.3165789846261565,event1,m,1.0,1.0,1.4620780709258987,1
91,0.0,-0.627836771975966,event1,m,1.0,1.0,1.4620780709258987,1
91,0.0,-0.8145914443858517,event1,m,1.0,1.0,1.4620780709258987,1
91,0.0,-0.9390945593257757,event1,m,1.0,1.0,0.7819571309436942,1
91,0.0,-1.0280253557114354,event1,m,1.0,1.0,0.85752612427505,1
91,0.0,-1.0947234530006804,event1,m,1.0,1.0,0.1018361909614896,1
91,0.0,-1.1465997508923154,event1,m,1.0,1.0,0.20647018172798284,1
93,1.0,1.6398985358583607,event1,f,1.0,1.0,1.4620780709258987,1
93,1.0,1.3434625479061613,event1,f,1.0,1.0,1.4620780709258987,0
93,1.0,1.2397099521228914,event1,f,1.0,1.0,1.4620780709258987,1
93,0.0,1.0242237916499461,event1,f,1.0,1.0,1.4620780709258987,1
93,0.0,0.8395213683874221,event1,f,1.0,1.0,1.1220176009347964,1
93,0.0,0.6794459348932341,event1,f,1.0,1.0,1.1420211579930966,0
95,1.0,2.17348331417232,event1,m,2.0,3.0,-1.8025024409886832,1
95,0.0,0.3059365900734627,event1,m,2.0,3.0,-1.647046226135608,1
95,0.0,-0.3165789846261565,event1,m,2.0,3.0,-1.560681662328344,1
95,0.0,-0.627836771975966,event1,m,2.0,3.0,-1.2584056890029196,1
95,0.0,-0.8145914443858517,event1,m,2.0,3.0,-1.0110889835548453,1
95,0.0,-0.9390945593257757,event1,m,2.0,3.0,-0.804991729014783,1
100,0.0,-1.5616101340253947,event1,f,1.0,1.0,1.4620780709258987,1
100,0.0,-1.5616101340253947,event1,f,1.0,1.0,-0.714308937017156,1
100,0.0,-1.5616101340253947,event1,f,1.0,1.0,-0.351577769026647,1
100,1.0,-0.3165789846261565,event1,f,1.0,1.0,0.2529741776242018,1
100,0.0,-0.49444057739747627,event1,f,1.0,1.0,-0.02182216176254748,1
100,1.0,-0.3165789846261565,event1,f,1.0,1.0,-0.09248407760485447,1
100,0.0,-0.4410820995660803,event1,f,1.0,1.0,0.011153398963862048,1
101,1.0,1.4264646245327772,event1,f,0.0,1.0,1.4620780709258987,1
101,1.0,1.1063137575444015,event1,f,0.0,1.0,1.4620780709258987,1
101,0.0,0.7728232710981771,event1,f,0.0,1.0,1.4620780709258987,0
102,1.0,1.2397099521228914,event1,m,1.0,2.0,0.5552501509496263,0
103,0.0,-1.5616101340253947,event1,m,1.0,1.0,-1.8025024409886832,1
103,0.0,-1.5616101340253947,event1,m,1.0,1.0,-1.2584056890029196,1
103,0.0,-1.5616101340253947,event1,m,1.0,1.0,-0.8697651518702314,1
103,0.0,-1.5616101340253947,event1,m,1.0,1.0,-0.578284749020715,1
103,0.0,-1.5616101340253947,event1,m,1.0,1.0,-0.351577769026647,1
103,0.0,-1.5616101340253947,event1,m,1.0,1.0,-0.17021218503139246,1
103,0.0,-1.5616101340253947,event1,m,1.0,1.0,-0.02182216176254748,1
106,1.0,2.17348331417232,event1,m,1.0,1.0,1.4620780709258987,0
106,0.0,0.3059365900734627,event1,m,1.0,1.0,0.1018361909614896,1
106,0.0,-0.3165789846261565,event1,m,1.0,1.0,-0.8697651518702314,1
106,0.0,-0.627836771975966,event1,m,1.0,1.0,-0.9561297156774952,1
106,0.0,-0.8145914443858517,event1,m,1.0,1.0,-0.714308937017156,0
108,1.0,0.3059365900734627,event1,m,0.0,1.0,0.1018361909614896,1
108,1.0,0.6794459348932341,event1,m,0.0,1.0,0.6847969966605219,1
108,0.0,0.3059365900734627,event1,m,0.0,1.0,0.7819571309436942,1
108,0.0,0.03914420091648298,event1,m,0.0,1.0,0.85752612427505,0
108,1.0,0.3059365900734627,event1,m,0.0,1.0,0.6250061447939547,0
108,0.0,0.1361596151553847,event1,m,0.0,1.0,0.6847969966605219,0
108,0.0,-0.005321197276346802,event1,m,0.0,1.0,0.7366157349448808,1
108,1.0,0.3059365900734627,event1,m,0.0,1.0,0.8893446477829897,1
109,1.0,0.3059365900734627,event1,f,3.0,3.0,-1.2584056890029196,1
109,0.0,-0.3165789846261565,event1,f,3.0,3.0,-1.560681662328344,1
109,0.0,-0.627836771975966,event1,f,3.0,3.0,-1.8862096336018777,1
109,0.0,-0.8145914443858517,event1,f,3.0,3.0,-2.260689179503011,1
109,0.0,-0.9390945593257757,event1,f,3.0,3.0,-2.0745508169815654,0
109,1.0,-0.0675727547463087,event1,f,3.0,3.0,-1.5848637401943777,1
112,0.0,-1.5616101340253947,event1,m,2.0,1.0,-2.424327300400985,0
112,0.0,-1.5616101340253947,event1,m,2.0,1.0,-2.346599192974447,0
112,0.0,-1.5616101340253947,event1,m,2.0,1.0,-2.0003558053471426,0
112,0.0,-1.5616101340253947,event1,m,2.0,1.0,-1.8862096336018777,1
112,1.0,-0.9390945593257757,event1,m,2.0,1.0,-1.598466158994022,1
112,0.0,-1.0280253557114354,event1,m,2.0,1.0,-1.9061399175574003,1
112,0.0,-1.0947234530006804,event1,m,2.0,1.0,-1.8498152020309235,1
113,1.0,0.3059365900734627,event1,m,1.0,1.0,-1.647046226135608,1
113,0.0,-0.3165789846261565,event1,m,1.0,1.0,-1.2584056890029196,1
113,0.0,-0.627836771975966,event1,m,1.0,1.0,-0.9561297156774952,1
113,1.0,-0.3165789846261565,event1,m,1.0,1.0,-1.2584056890029196,1
115,1.0,0.3059365900734627,event1,m,1.0,1.0,1.4620780709258987,1
115,0.0,-0.3165789846261565,event1,m,1.0,1.0,1.4620780709258987,1
115,0.0,-0.627836771975966,event1,m,1.0,1.0,0.5552501509496263,1
115,0.0,-0.8145914443858517,event1,m,1.0,1.0,0.6847969966605219,1
115,1.0,-0.49444057739747627,event1,m,1.0,1.0,0.85752612427505,1
115,0.0,-0.627836771975966,event1,m,1.0,1.0,0.9179813189401352,1
115,0.0,-0.7315893677592359,event1,m,1.0,1.0,0.9674446600297498,1
115,0.0,-0.8145914443858517,event1,m,1.0,1.0,1.0086641109377623,1
115,1.0,-0.627836771975966,event1,m,1.0,1.0,1.0734375337932107,1
115,0.0,-0.6996654921336143,event1,m,1.0,1.0,1.0993469029353897,1
115,0.0,-0.7612329665544558,event1,m,1.0,1.0,1.1220176009347964,1
115,0.0,-0.8145914443858517,event1,m,1.0,1.0,1.1420211579930966,1
115,1.0,-0.682764616802403,event1,m,1.0,1.0,0.279259044869891,0
115,0.0,-0.7315893677592359,event1,m,1.0,1.0,-0.002797799805003638,1
115,1.0,-0.627836771975966,event1,m,1.0,1.0,-0.03887848627620787,1
115,1.0,-0.5429482845169271,event1,m,1.0,1.0,-0.06819404403406154,1
115,0.0,-0.58723793014773,event1,m,1.0,1.0,-0.24794029245792987,1
115,1.0,-0.5157839685300345,event1,m,1.0,1.0,-0.2561221985028285,1
115,1.0,-0.4549157790038496,event1,m,1.0,1.0,-0.351577769026647,1
115,1.0,-0.4024432018261039,event1,m,1.0,1.0,-0.578284749020715,1
115,1.0,-0.35674127976806735,event1,m,1.0,1.0,-0.4966702362228504,1
115,0.0,-0.39439343146360883,event1,m,1.0,1.0,-0.6538537423520708,1
115,0.0,-0.4297636345715417,event1,m,1.0,1.0,-0.6153822548379262,1
115,1.0,-0.38772362173468433,event1,m,1.0,1.0,-0.5424889100742833,0
115,0.0,-0.4203315804094262,event1,m,1.0,1.0,-0.507927410401866,1
115,0.0,-0.45117694672337133,event1,m,1.0,1.0,-0.5329433530219015,1
115,0.0,-0.48039887270500353,event1,m,1.0,1.0,-0.5563453638599988,1
115,1.0,-0.37731221142611926,event1,m,1.0,1.0,-0.5164555726586965,1
115,1.0,-0.3455331974028828,event1,m,1.0,1.0,-0.5588527221640807,1
115,1.0,-0.2106188868049446,event1,m,1.0,1.0,-0.4966702362228504,1
116,0.0,-1.5616101340253947,event1,f,1.0,1.0,1.4620780709258987,1
116,0.0,-1.5616101340253947,event1,f,1.0,1.0,-0.714308937017156,1
116,1.0,-0.627836771975966,event1,f,1.0,1.0,-1.2584056890029196,1
117,1.0,2.17348331417232,event1,m,2.0,3.0,1.4620780709258987,1
117,1.0,1.833929364336164,event1,m,2.0,3.0,1.4620780709258987,0
117,1.0,1.6398985358583607,event1,m,2.0,3.0,1.4620780709258987,1
117,0.0,1.4264646245327772,event1,m,2.0,3.0,1.4620780709258987,0
120,0.0,-1.5616101340253947,event1,f,0.0,1.0,1.4620780709258987,1
120,1.0,-0.3165789846261565,event1,f,0.0,1.0,1.4620780709258987,1
120,0.0,-0.627836771975966,event1,f,0.0,1.0,1.4620780709258987,0
124,1.0,2.17348331417232,event1,m,2.0,3.0,1.4620780709258987,1
138,0.0,-1.5616101340253947,event1,f,1.0,1.0,1.4620780709258987,1
138,0.0,-1.5616101340253947,event1,f,1.0,1.0,1.4620780709258987,1
139,0.0,-1.5616101340253947,event1,m,1.0,2.0,-2.424327300400985,0
139,0.0,-1.5616101340253947,event1,m,1.0,2.0,-1.9385266289851242,0
139,0.0,-1.5616101340253947,event1,m,1.0,2.0,-1.560681662328344,0
141,1.0,0.9284521647730817,event1,m,0.0,1.0,0.37388456695437167,1
141,1.0,0.6794459348932341,event1,m,0.0,1.0,0.6847969966605219,1
141,0.0,0.3059365900734627,event1,m,0.0,1.0,0.7819571309436942,1
141,0.0,0.03914420091648298,event1,m,0.0,1.0,-0.02182216176254748,1
141,0.0,-0.16095009095125165,event1,m,0.0,1.0,-0.48112461473754264,1
141,1.0,0.1361596151553847,event1,m,0.0,1.0,-1.4676736705359055,1
141,1.0,0.16227914975816607,event1,m,0.0,1.0,-1.4397712729981742,0
143,1.0,0.3059365900734627,event1,m,1.0,2.0,-0.714308937017156,1
143,0.0,-0.3165789846261565,event1,m,1.0,2.0,-0.8697651518702314,1
143,0.0,-0.627836771975966,event1,m,1.0,2.0,-0.9561297156774952,1
143,0.0,-0.8145914443858517,event1,m,1.0,2.0,-0.714308937017156,1
149,1.0,2.17348331417232,event1,m,2.0,3.0,1.4620780709258987,0
149,0.0,1.2397099521228914,event1,m,2.0,3.0,0.5552501509496263,0
149,1.0,1.3434625479061613,event1,m,2.0,3.0,0.5552501509496263,1
149,0.0,1.0529552797130055,event1,m,2.0,3.0,0.6250061447939547,1
149,1.0,0.9284521647730817,event1,m,2.0,3.0,0.7366157349448808,0
151,1.0,2.17348331417232,event1,f,0.0,1.0,1.4620780709258987,1
151,0.0,0.3059365900734627,event1,f,0.0,1.0,1.4620780709258987,0
157,1.0,0.9284521647730817,event1,m,1.0,1.0,1.4620780709258987,0
157,1.0,0.6794459348932341,event1,m,1.0,1.0,1.4620780709258987,1
157,1.0,0.7728232710981771,event1,m,1.0,1.0,1.4620780709258987,0
157,0.0,0.5134417816400025,event1,m,1.0,1.0,1.4620780709258987,0
157,1.0,0.4757135649915405,event1,m,1.0,1.0,1.4620780709258987,1
157,1.0,0.44959403038875934,event1,m,1.0,1.0,1.4620780709258987,1
157,0.0,0.3059365900734627,event1,m,1.0,1.0,1.4620780709258987,0
157,0.0,0.18143347513353889,event1,m,1.0,1.0,1.4620780709258987,1
157,0.0,0.07249324956110552,event1,m,1.0,1.0,1.4620780709258987,1
157,1.0,0.4757135649915405,event1,m,1.0,1.0,1.4620780709258987,1
157,0.0,0.3871342737299347,event1,m,1.0,1.0,1.4620780709258987,1
157,1.0,0.44959403038875934,event1,m,1.0,1.0,1.4620780709258987,0
157,1.0,0.49913107877334445,event1,m,1.0,1.0,1.4620780709258987,1
158,0.0,-1.5616101340253947,event1,f,0.0,1.0,-0.351577769026647,1
159,0.0,-1.5616101340253947,event1,m,1.0,2.0,1.4620780709258987,0
161,0.0,-1.5616101340253947,event1,f,3.0,3.0,-2.424327300400985,1
161,0.0,-1.5616101340253947,event1,f,3.0,3.0,-1.9385266289851242,1
161,0.0,-1.5616101340253947,event1,f,3.0,3.0,-1.560681662328344,1
161,1.0,0.3059365900734627,event1,f,3.0,3.0,-0.9183452190118173,1
161,1.0,0.3059365900734627,event1,f,3.0,3.0,-0.6538537423520708,0
161,1.0,0.3059365900734627,event1,f,3.0,3.0,-0.44226056102427397,0
161,1.0,0.7973962543100039,event1,f,3.0,3.0,0.051456862073918676,1
161,0.0,0.6794459348932341,event1,f,3.0,3.0,0.1018361909614896,0
161,1.0,0.6454905399096187,event1,f,3.0,3.0,-0.06819404403406154,0
161,0.0,0.5495296410428787,event1,f,3.0,3.0,-0.02182216176254748,1
161,1.0,0.5300421969653257,event1,f,3.0,3.0,-0.04930179570122259,1
161,0.0,0.44959403038875934,event1,f,3.0,3.0,-0.008453691197786894,1
161,1.0,0.49913107877334445,event1,f,3.0,3.0,0.1018361909614896,1
161,1.0,0.48666691821206165,event1,f,3.0,3.0,0.16660961381693742,0
161,0.0,0.42265826032964127,event1,f,3.0,3.0,0.1018361909614896,1
161,1.0,0.4157922797263367,event1,f,3.0,3.0,0.16097714226429027,1
161,0.0,0.35929506790485843,event1,f,3.0,3.0,0.1018361909614896,0
161,0.0,0.3059365900734627,event1,f,3.0,3.0,0.12959622932810994,1
161,0.0,0.2554623542870072,event1,f,3.0,3.0,-0.002797799805003638,1
161,1.0,0.3059365900734627,event1,f,3.0,3.0,0.004676056678317265,1
161,0.0,0.2603866699734905,event1,f,3.0,3.0,0.030244513068625745,1
161,1.0,0.2625052709083729,event1,f,3.0,3.0,0.07878124384344884,1
161,1.0,0.3837510369109152,event1,f,3.0,3.0,0.00032560290444415605,0
161,0.0,0.34404978852445983,event1,f,3.0,3.0,-0.036159362078378,1
161,1.0,0.3777653102311112,event1,f,3.0,3.0,0.026267197630133812,1
161,1.0,0.43933278465195247,event1,f,3.0,3.0,0.1018361909614896,1
161,1.0,0.5202452305438232,event1,f,3.0,3.0,0.18580173910744055,0
161,1.0,0.5393799305858199,event1,f,3.0,3.0,0.23138303667238586,0
161,0.0,0.5070570065148782,event1,f,3.0,3.0,0.24586180178125067,0
161,1.0,0.501053411994239,event1,f,3.0,3.0,0.27382079647423124,1
161,1.0,0.49539785193856417,event1,f,3.0,3.0,0.2529741776242018,1
161,0.0,0.4660120235676503,event1,f,3.0,3.0,0.26626103359455006,1
161,1.0,0.4615654837483673,event1,f,3.0,3.0,0.2919775290210305,1
163,0.0,-1.5616101340253947,event1,f,1.0,1.0,-0.351577769026647,0
163,0.0,-1.5616101340253947,event1,f,1.0,1.0,-2.1652336089791926,1
165,1.0,2.17348331417232,event1,f,1.0,2.0,-0.9561297156774952,0
165,0.0,1.4264646245327772,event1,f,1.0,2.0,-1.0110889835548453,0
165,0.0,0.9284521647730817,event1,f,1.0,2.0,-0.804991729014783,0
167,1.0,2.17348331417232,event1,f,1.0,1.0,1.4620780709258987,1
167,1.0,0.9284521647730817,event1,f,1.0,1.0,1.4620780709258987,1
171,1.0,2.17348331417232,event1,m,1.0,1.0,1.4620780709258987,1
171,0.0,0.3059365900734627,event1,m,1.0,1.0,1.4620780709258987,1
171,0.0,-0.3165789846261565,event1,m,1.0,1.0,1.4620780709258987,1
175,1.0,2.17348331417232,event1,m,1.0,1.0,0.37388456695437167,1
176,1.0,1.6398985358583607,event1,f,0.0,1.0,1.4620780709258987,1
176,0.0,1.2397099521228914,event1,f,0.0,1.0,1.4620780709258987,1
177,0.0,-1.5616101340253947,event1,m,2.0,3.0,-2.424327300400985,0
179,1.0,2.17348331417232,event1,f,0.0,0.0,1.4620780709258987,1
179,0.0,1.550967739472701,event1,f,0.0,0.0,1.4620780709258987,1
179,1.0,1.5988535529111332,event1,f,0.0,0.0,0.7819571309436942,0
180,0.0,-1.5616101340253947,event1,f,1.0,1.0,-0.351577769026647,1
180,0.0,-1.5616101340253947,event1,f,1.0,1.0,-0.714308937017156,1
180,0.0,-1.5616101340253947,event1,f,1.0,1.0,-0.351577769026647,1
180,0.0,-1.5616101340253947,event1,f,1.0,1.0,-0.578284749020715,1
181,1.0,2.17348331417232,event1,f,1.0,2.0,1.4620780709258987,0
181,0.0,0.3059365900734627,event1,f,1.0,2.0,0.1018361909614896,1
181,0.0,-0.3165789846261565,event1,f,1.0,2.0,0.37388456695437167,0
181,0.0,-0.627836771975966,event1,f,1.0,2.0,0.5552501509496263,0
181,1.0,0.03914420091648298,event1,f,1.0,2.0,0.37388456695437167,1
181,1.0,0.0984313985069229,event1,f,1.0,2.0,0.5552501509496263,0
181,1.0,0.3059365900734627,event1,f,1.0,2.0,0.7366157349448808,1
181,0.0,0.16227914975816607,event1,f,1.0,2.0,0.7819571309436942,1
182,1.0,2.17348331417232,event1,f,1.0,1.0,-0.351577769026647,1
182,0.0,0.3059365900734627,event1,f,1.0,1.0,0.1018361909614896,0
183,1.0,1.7584729310392404,event1,f,2.0,3.0,-1.1152223332171924,0
184,1.0,1.833929364336164,event1,m,2.0,3.0,1.043542107859927,0
184,1.0,1.5988535529111332,event1,m,2.0,3.0,1.0993469029353897,0
184,0.0,1.3731061467013812,event1,m,2.0,3.0,1.1220176009347964,0
184,0.0,1.1774583946529293,event1,m,2.0,3.0,1.1420211579930966,0
184,0.0,1.006266611610534,event1,m,2.0,3.0,1.1598020976004744,0
184,1.0,0.9939801200046208,event1,m,2.0,3.0,1.2029843795041062,0
184,0.0,0.86620060730312,event1,m,2.0,3.0,1.2147613654778247,0
184,0.0,0.7505905720017622,event1,m,2.0,3.0,1.2255142657146973,1
184,1.0,0.7119250083558232,event1,m,2.0,3.0,1.043542107859927,1
185,0.0,-1.5616101340253947,event1,m,3.0,3.0,-1.8025024409886832,0
189,0.0,-1.5616101340253947,event1,m,1.0,2.0,1.4620780709258987,0
192,1.0,2.17348331417232,event1,m,1.0,1.0,-1.8025024409886832,1
192,1.0,0.9284521647730817,event1,m,1.0,1.0,-2.0003558053471426,1
192,0.0,0.3059365900734627,event1,m,1.0,1.0,-1.8862096336018777,0
192,0.0,-0.0675727547463087,event1,m,1.0,1.0,-1.9385266289851242,0
192,0.0,-0.3165789846261565,event1,m,1.0,1.0,-1.862957635653768,1
192,1.0,0.0984313985069229,event1,m,1.0,1.0,-1.711819648991056,1
192,0.0,-0.0675727547463087,event1,m,1.0,1.0,-1.5848637401943777,1
192,0.0,-0.2033943346807711,event1,m,1.0,1.0,-1.4676736705359055,1
192,0.0,-0.3165789846261565,event1,m,1.0,1.0,-1.3591643467780612,1
192,0.0,-0.4123506115030208,event1,m,1.0,1.0,-1.3522154738280512,1
192,0.0,-0.49444057739747627,event1,m,1.0,1.0,-1.2584056890029196,0
192,1.0,-0.39439343146360883,event1,m,1.0,1.0,-1.0883754540073685,0
192,0.0,-0.463053237496655,event1,m,1.0,1.0,-1.0983772325365184,1
192,0.0,-0.5240841761926961,event1,m,1.0,1.0,-1.0252213667233068,0
192,0.0,-0.5786908055523119,event1,m,1.0,1.0,-1.0378259246843666,0
192,0.0,-0.627836771975966,event1,m,1.0,1.0,-0.9720389774314647,1
192,0.0,-0.672302170168796,event1,m,1.0,1.0,-0.9863573130100375,1
195,1.0,2.17348331417232,event1,m,0.0,0.0,1.4620780709258987,1
195,0.0,0.3059365900734627,event1,m,0.0,0.0,1.4620780709258987,0
195,1.0,0.6794459348932341,event1,m,0.0,0.0,0.6847969966605219,1
195,1.0,0.7728232710981771,event1,m,0.0,0.0,0.4728112491336015,0
195,0.0,0.5134417816400025,event1,m,0.0,0.0,0.5552501509496263,1
200,1.0,2.17348331417232,event1,f,1.0,2.0,-0.714308937017156,1
200,1.0,1.550967739472701,event1,f,1.0,2.0,-0.17021218503139246,0
200,0.0,1.1063137575444015,event1,f,1.0,2.0,-0.02182216176254748,0
203,1.0,1.4264646245327772,event1,m,1.0,2.0,0.1018361909614896,0
203,0.0,0.9284521647730817,event1,m,1.0,2.0,0.2529741776242018,0
203,0.0,0.5727289792304422,event1,m,1.0,2.0,0.37388456695437167,0
203,1.0,0.5134417816400025,event1,m,1.0,2.0,0.5552501509496263,1
203,1.0,0.4757135649915405,event1,m,1.0,2.0,0.6847969966605219,1
203,0.0,0.3059365900734627,event1,m,1.0,2.0,0.7366157349448808,0
203,0.0,0.16227914975816607,event1,m,1.0,2.0,0.7819571309436942,0
203,0.0,0.03914420091648298,event1,m,1.0,2.0,0.8219642450602943,1
203,0.0,-0.0675727547463087,event1,m,1.0,2.0,0.85752612427505,1
203,1.0,0.5495296410428787,event1,m,1.0,2.0,0.6847969966605219,0
203,0.0,0.4615654837483673,event1,m,1.0,2.0,0.7115997923248452,0
203,0.0,0.38063845903741705,event1,m,1.0,2.0,0.7366157349448808,0
203,1.0,0.3751049872623092,event1,m,1.0,2.0,0.5019073321274921,1
203,0.0,0.3059365900734627,event1,m,1.0,2.0,0.529340781807447,1
203,0.0,0.24153842717350218,event1,m,1.0,2.0,0.5552501509496263,1
203,0.0,0.18143347513353889,event1,m,1.0,2.0,0.5797590136516874,1
204,1.0,0.3059365900734627,event1,m,1.0,1.0,1.4620780709258987,0
204,1.0,0.3059365900734627,event1,m,1.0,1.0,0.5552501509496263,0
204,1.0,0.5727289792304422,event1,m,1.0,1.0,-0.8697651518702314,1
204,0.0,0.3059365900734627,event1,m,1.0,1.0,-0.714308937017156,1
207,0.0,-1.5616101340253947,event1,f,0.0,0.0,-0.351577769026647,1
207,0.0,-1.5616101340253947,event1,f,0.0,0.0,0.1018361909614896,1
207,0.0,-1.5616101340253947,event1,f,0.0,0.0,0.37388456695437167,1
207,1.0,-0.8145914443858517,event1,f,0.0,0.0,0.6847969966605219,1
208,1.0,2.17348331417232,event1,m,1.0,1.0,1.4620780709258987,0
208,0.0,1.6398985358583607,event1,m,1.0,1.0,1.4620780709258987,0
209,0.0,-1.5616101340253947,event1,m,1.0,1.0,-2.1652336089791926,1
209,0.0,-1.5616101340253947,event1,m,1.0,1.0,-1.647046226135608,1
209,0.0,-1.5616101340253947,event1,m,1.0,1.0,-1.2584056890029196,1
209,0.0,-1.5616101340253947,event1,m,1.0,1.0,-0.9561297156774952,1
209,0.0,-1.5616101340253947,event1,m,1.0,1.0,-1.0110889835548453,1
209,0.0,-1.5616101340253947,event1,m,1.0,1.0,-0.804991729014783,1
211,1.0,2.17348331417232,event1,f,1.0,1.0,1.4620780709258987,1
211,0.0,0.3059365900734627,event1,f,1.0,1.0,1.4620780709258987,1
211,0.0,-0.3165789846261565,event1,f,1.0,1.0,-0.351577769026647,1
211,0.0,-0.627836771975966,event1,f,1.0,1.0,-0.578284749020715,0
211,0.0,-0.8145914443858517,event1,f,1.0,1.0,-0.714308937017156,0
211,1.0,-0.49444057739747627,event1,f,1.0,1.0,-0.6306017444039613,0
211,0.0,-0.627836771975966,event1,f,1.0,1.0,-0.48112461473754264,0
211,1.0,-0.4410820995660803,event1,f,1.0,1.0,-0.8288556216457376,1
211,0.0,-0.5429482845169271,event1,f,1.0,1.0,-0.714308937017156,1
211,1.0,-0.4123506115030208,event1,f,1.0,1.0,-0.804991729014783,1
211,0.0,-0.49444057739747627,event1,f,1.0,1.0,-0.8398697259369478,1
212,1.0,2.17348331417232,event1,m,1.0,1.0,1.4620780709258987,1
214,1.0,2.17348331417232,event1,m,1.0,1.0,1.4620780709258987,0
214,0.0,1.2397099521228914,event1,m,1.0,1.0,1.4620780709258987,0
214,1.0,1.1063137575444015,event1,m,1.0,1.0,0.37388456695437167,0
214,1.0,1.1548214646638524,event1,m,1.0,1.0,0.6847969966605219,1
214,1.0,1.2397099521228914,event1,m,1.0,1.0,0.6459329429472531,1
216,1.0,0.3059365900734627,event1,m,3.0,3.0,-0.714308937017156,1
216,1.0,0.9284521647730817,event1,m,3.0,3.0,0.2529741776242018,1
216,1.0,1.1548214646638524,event1,m,3.0,3.0,0.6847969966605219,1
216,0.0,0.9284521647730817,event1,m,3.0,3.0,0.7366157349448808,1
216,0.0,0.736908911019353,event1,m,3.0,3.0,0.7819571309436942,0
216,1.0,0.6794459348932341,event1,m,3.0,3.0,0.37388456695437167,1
216,0.0,0.5393799305858199,event1,m,3.0,3.0,0.42570330523872996,1
219,1.0,2.17348331417232,event1,m,2.0,2.0,0.37388456695437167,1
219,0.0,1.2397099521228914,event1,m,2.0,2.0,0.5552501509496263,1
219,1.0,0.9284521647730817,event1,m,2.0,2.0,0.7819571309436942,0
219,0.0,0.5727289792304422,event1,m,2.0,2.0,0.85752612427505,1
219,0.0,0.3059365900734627,event1,m,2.0,2.0,0.4728112491336015,0
219,0.0,0.0984313985069229,event1,m,2.0,2.0,0.5552501509496263,1
219,0.0,-0.0675727547463087,event1,m,2.0,2.0,0.6250061447939547,1
219,0.0,-0.2033943346807711,event1,m,2.0,2.0,0.1018361909614896,0
219,1.0,-0.1250357308724274,event1,m,2.0,2.0,0.2529741776242018,1
219,0.0,-0.22764818824049654,event1,m,2.0,2.0,0.3166112246400806,0
219,0.0,-0.3165789846261565,event1,m,2.0,2.0,0.16660961381693742,1
219,1.0,-0.24334185819090703,event1,m,2.0,2.0,0.279259044869891,1
219,0.0,-0.3165789846261565,event1,m,2.0,2.0,0.32854317095555763,1
219,1.0,-0.13871739185483675,event1,m,2.0,2.0,0.011153398963862048,0
219,0.0,-0.2033943346807711,event1,m,2.0,2.0,-0.18669996539459693,1
219,0.0,-0.26244719552184176,event1,m,2.0,2.0,-0.24794029245792987,0
219,0.0,-0.3165789846261565,event1,m,2.0,2.0,-0.30256004362252403,0
219,0.0,-0.36638023060212593,event1,m,2.0,2.0,-0.2561221985028285,1
219,1.0,-0.3165789846261565,event1,m,2.0,2.0,-0.2631067524435955,1
222,0.0,-1.5616101340253947,event1,f,1.0,2.0,1.4620780709258987,0
222,0.0,-1.5616101340253947,event1,f,1.0,2.0,1.4620780709258987,1
222,0.0,-1.5616101340253947,event1,f,1.0,2.0,1.4620780709258987,0
223,0.0,-1.5616101340253947,event1,f,1.0,1.0,-1.2584056890029196,1
223,0.0,-1.5616101340253947,event1,f,1.0,1.0,-0.714308937017156,1
223,0.0,-1.5616101340253947,event1,f,1.0,1.0,-0.8697651518702314,1
223,0.0,-1.5616101340253947,event1,f,1.0,1.0,-0.578284749020715,1
224,1.0,0.9284521647730817,event1,m,1.0,1.0,1.4620780709258987,1
224,0.0,0.3059365900734627,event1,m,1.0,1.0,1.4620780709258987,1
224,0.0,-0.0675727547463087,event1,m,1.0,1.0,1.4620780709258987,1
224,1.0,0.03914420091648298,event1,m,1.0,1.0,1.4620780709258987,1
224,0.0,-0.16095009095125165,event1,m,1.0,1.0,1.4620780709258987,1
224,0.0,-0.3165789846261565,event1,m,1.0,1.0,1.4620780709258987,1
224,0.0,-0.4410820995660803,event1,m,1.0,1.0,1.0086641109377623,1
224,1.0,-0.3165789846261565,event1,m,1.0,1.0,-0.2561221985028285,0
224,0.0,-0.4123506115030208,event1,m,1.0,1.0,-0.5164555726586965,0
224,1.0,-0.3165789846261565,event1,m,1.0,1.0,-0.7546124001272126,1
224,0.0,-0.39439343146360883,event1,m,1.0,1.0,-1.1759667871868948,0
224,1.0,-0.3165789846261565,event1,m,1.0,1.0,-1.0252213667233068,1
224,0.0,-0.38210693985769534,event1,m,1.0,1.0,-1.1886496951585912,1
224,1.0,-0.3165789846261565,event1,m,1.0,1.0,-1.1288588432920232,1
225,1.0,2.17348331417232,event1,m,1.0,2.0,1.4620780709258987,0
225,0.0,0.3059365900734627,event1,m,1.0,2.0,1.4620780709258987,1
225,1.0,0.3059365900734627,event1,m,1.0,2.0,0.5552501509496263,1
225,1.0,0.5727289792304422,event1,m,1.0,2.0,-1.077040105007665,0
225,1.0,0.5134417816400025,event1,m,1.0,2.0,-1.2584056890029196,1
225,0.0,0.3059365900734627,event1,m,1.0,2.0,-1.2584056890029196,0
225,0.0,0.1361596151553847,event1,m,1.0,2.0,-1.1401237863973188,0
225,0.0,-0.005321197276346802,event1,m,1.0,2.0,-1.0316987090088516,1
225,0.0,-0.1250357308724274,event1,m,1.0,2.0,-1.0491377074699337,1
225,0.0,-0.22764818824049654,event1,m,1.0,2.0,-1.1645959041777878,1
225,0.0,-0.3165789846261565,event1,m,1.0,2.0,-1.1706481483600546,1
225,0.0,-0.39439343146360883,event1,m,1.0,2.0,-1.0883754540073685,1
227,0.0,-1.5616101340253947,event1,f,1.0,3.0,-0.351577769026647,1
227,1.0,-0.3165789846261565,event1,f,1.0,3.0,-0.351577769026647,1
227,0.0,-0.627836771975966,event1,f,1.0,3.0,-0.09248407760485447,1
229,1.0,0.9284521647730817,event1,f,1.0,2.0,1.4620780709258987,0
229,0.0,0.3059365900734627,event1,f,1.0,2.0,1.4620780709258987,1
229,0.0,-0.0675727547463087,event1,f,1.0,2.0,1.4620780709258987,1
231,0.0,-1.5616101340253947,event1,f,1.0,3.0,-1.2584056890029196,1
231,1.0,0.3059365900734627,event1,f,1.0,3.0,-2.547055891074465,1
232,0.0,-1.5616101340253947,event1,m,1.0,1.0,1.4620780709258987,0
232,0.0,-1.5616101340253947,event1,m,1.0,1.0,1.4620780709258987,0
232,1.0,-0.627836771975966,event1,m,1.0,1.0,0.5552501509496263,1
232,1.0,0.03914420091648298,event1,m,1.0,1.0,0.37388456695437167,1
232,1.0,0.3059365900734627,event1,m,1.0,1.0,0.6250061447939547,1
232,0.0,0.1361596151553847,event1,m,1.0,1.0,0.1018361909614896,1
232,0.0,-0.005321197276346802,event1,m,1.0,1.0,0.18185041919468986,1
232,0.0,-0.1250357308724274,event1,m,1.0,1.0,0.030244513068625745,1
232,0.0,-0.22764818824049654,event1,m,1.0,1.0,0.1018361909614896,1
237,0.0,-1.5616101340253947,event1,m,1.0,2.0,-0.351577769026647,1
237,1.0,-0.3165789846261565,event1,m,1.0,2.0,-0.8697651518702314,1
237,0.0,-0.627836771975966,event1,m,1.0,2.0,-0.578284749020715,1
237,0.0,-0.8145914443858517,event1,m,1.0,2.0,-1.0110889835548453,0
238,1.0,2.17348331417232,event1,m,1.0,1.0,-1.8025024409886832,0
239,1.0,0.3059365900734627,event1,m,0.0,0.0,1.4620780709258987,1
239,1.0,0.3059365900734627,event1,m,0.0,0.0,1.4620780709258987,1
239,1.0,0.3059365900734627,event1,m,0.0,0.0,1.4620780709258987,1
239,1.0,0.8152675148276964,event1,m,0.0,0.0,0.6847969966605219,0
239,0.0,0.6171943774232724,event1,m,0.0,0.0,0.4418966609525919,1
239,0.0,0.44959403038875934,event1,m,0.0,0.0,0.5019073321274921,1
239,1.0,0.43043970501338646,event1,m,0.0,0.0,0.37388456695437167,0
239,0.0,0.3059365900734627,event1,m,0.0,0.0,0.42570330523872996,0
240,0.0,-1.5616101340253947,event1,f,1.0,2.0,1.4620780709258987,1
240,0.0,-1.5616101340253947,event1,f,1.0,2.0,1.4620780709258987,1
240,0.0,-1.5616101340253947,event1,f,1.0,2.0,1.4620780709258987,1
240,1.0,-0.8145914443858517,event1,f,1.0,2.0,0.6847969966605219,1
240,0.0,-0.9390945593257757,event1,f,1.0,2.0,0.7819571309436942,1
240,1.0,-0.0675727547463087,event1,f,1.0,2.0,0.011153398963862048,1
241,0.0,-1.5616101340253947,event1,f,1.0,1.0,1.4620780709258987,1
241,0.0,-1.5616101340253947,event1,f,1.0,1.0,1.4620780709258987,1
241,0.0,-1.5616101340253947,event1,f,1.0,1.0,0.37388456695437167,1
241,0.0,-1.5616101340253947,event1,f,1.0,1.0,0.5552501509496263,1
241,0.0,-1.5616101340253947,event1,f,1.0,1.0,-0.351577769026647,1
241,0.0,-1.5616101340253947,event1,f,1.0,1.0,-0.5164555726586965,1
241,0.0,-1.5616101340253947,event1,f,1.0,1.0,-0.6306017444039613,1
241,0.0,-1.5616101340253947,event1,f,1.0,1.0,-1.0983772325365184,1
243,0.0,-1.5616101340253947,event1,m,1.0,2.0,-1.8025024409886832,0
243,0.0,-1.5616101340253947,event1,m,1.0,2.0,-1.2584056890029196,1
243,0.0,-1.5616101340253947,event1,m,1.0,2.0,-0.8697651518702314,1
248,0.0,-1.5616101340253947,event1,f,1.0,2.0,-0.351577769026647,1
248,0.0,-1.5616101340253947,event1,f,1.0,2.0,-1.2584056890029196,1
248,0.0,-1.5616101340253947,event1,f,1.0,2.0,-0.8697651518702314,1
250,0.0,-1.5616101340253947,event1,f,1.0,1.0,-0.351577769026647,1
250,0.0,-1.5616101340253947,event1,f,1.0,1.0,0.1018361909614896,1
250,0.0,-1.5616101340253947,event1,f,1.0,1.0,-0.8697651518702314,1
250,0.0,-1.5616101340253947,event1,f,1.0,1.0,-1.2584056890029196,1
250,0.0,-1.5616101340253947,event1,f,1.0,1.0,-1.2584056890029196,1
252,1.0,2.17348331417232,event1,m,2.0,3.0,1.4620780709258987,0
254,1.0,2.17348331417232,event1,m,1.0,2.0,-1.2584056890029196,0
254,0.0,0.3059365900734627,event1,m,1.0,2.0,-1.2584056890029196,0
254,0.0,-0.3165789846261565,event1,m,1.0,2.0,-0.8697651518702314,0
254,0.0,-0.627836771975966,event1,m,1.0,2.0,-0.578284749020715,1
254,0.0,-0.8145914443858517,event1,m,1.0,2.0,-1.2584056890029196,1
254,1.0,-0.49444057739747627,event1,m,1.0,2.0,-1.077040105007665,1
254,0.0,-0.627836771975966,event1,m,1.0,2.0,-1.0983772325365184,0
254,0.0,-0.7315893677592359,event1,m,1.0,2.0,-0.9561297156774952,1
254,0.0,-0.8145914443858517,event1,m,1.0,2.0,-1.1288588432920232,1
256,1.0,2.17348331417232,event1,f,1.0,1.0,1.4620780709258987,0
257,0.0,-1.5616101340253947,event1,m,2.0,3.0,-0.351577769026647,0
257,1.0,0.6794459348932341,event1,m,2.0,3.0,-0.351577769026647,0
257,1.0,1.0529552797130055,event1,m,2.0,3.0,-0.23822427902961268,1
257,0.0,0.8152675148276964,event1,m,2.0,3.0,-0.13820649373811175,0
257,0.0,0.6171943774232724,event1,m,2.0,3.0,-0.04930179570122259,1
257,0.0,0.44959403038875934,event1,m,2.0,3.0,0.030244513068625745,1
257,0.0,0.3059365900734627,event1,m,2.0,3.0,0.1018361909614896,1
257,1.0,0.4157922797263367,event1,m,2.0,3.0,0.1018361909614896,1
257,0.0,0.3059365900734627,event1,m,2.0,3.0,0.15624586616006603,1
261,1.0,2.17348331417232,event1,f,1.0,2.0,-2.4949892162432916,1
261,1.0,1.2397099521228914,event1,f,1.0,2.0,-2.1652336089791926,1
261,1.0,1.1063137575444015,event1,f,1.0,2.0,-1.560681662328344,1
261,0.0,0.7728232710981771,event1,f,1.0,2.0,-1.401589044788647,1
261,0.0,0.5134417816400025,event1,f,1.0,2.0,-1.505722394450994,0
261,0.0,0.3059365900734627,event1,f,1.0,2.0,-1.4851126689969878,1
261,0.0,0.1361596151553847,event1,f,1.0,2.0,-1.3672250394000725,0
261,0.0,-0.005321197276346802,event1,f,1.0,2.0,-1.2584056890029196,0
261,0.0,-0.1250357308724274,event1,f,1.0,2.0,-1.1576470312277782,1
263,1.0,2.17348331417232,event1,m,2.0,3.0,-0.351577769026647,1
263,0.0,0.3059365900734627,event1,m,2.0,3.0,0.1018361909614896,1
263,1.0,0.3059365900734627,event1,m,2.0,3.0,0.5552501509496263,0
263,1.0,0.5727289792304422,event1,m,2.0,3.0,0.85752612427505,0
263,1.0,0.5134417816400025,event1,m,2.0,3.0,0.20647018172798284,0
263,0.0,0.3059365900734627,event1,m,2.0,3.0,0.2961564595278337,1
263,0.0,0.1361596151553847,event1,m,2.0,3.0,0.37388456695437167,0
263,0.0,-0.005321197276346802,event1,m,2.0,3.0,0.18185041919468986,0
263,0.0,-0.1250357308724274,event1,m,2.0,3.0,0.2529741776242018,0
263,0.0,-0.22764818824049654,event1,m,2.0,3.0,0.3166112246400806,0
263,0.0,-0.3165789846261565,event1,m,2.0,3.0,0.37388456695437167,1
263,1.0,-0.1090737930596167,event1,m,2.0,3.0,0.5158228500810924,1
265,0.0,-1.5616101340253947,event1,m,1.0,1.0,1.4620780709258987,1
266,1.0,0.3059365900734627,event1,f,1.0,1.0,1.4620780709258987,1
266,0.0,-0.3165789846261565,event1,f,1.0,1.0,0.37388456695437167,1
267,1.0,2.17348331417232,event1,f,1.0,1.0,1.4620780709258987,1
267,0.0,0.3059365900734627,event1,f,1.0,1.0,1.4620780709258987,1
267,1.0,1.2397099521228914,event1,f,1.0,1.0,1.4620780709258987,1
268,1.0,2.17348331417232,event1,f,1.0,2.0,0.37388456695437167,0
271,0.0,-1.5616101340253947,event1,m,1.0,0.0,-0.351577769026647,0
271,1.0,-0.3165789846261565,event1,m,1.0,0.0,-1.2584056890029196,0
271,0.0,-0.627836771975966,event1,m,1.0,0.0,-1.2584056890029196,0
271,0.0,-0.8145914443858517,event1,m,1.0,0.0,-1.0110889835548453,1
271,0.0,-0.9390945593257757,event1,m,1.0,0.0,-0.804991729014783,1
271,0.0,-1.0280253557114354,event1,m,1.0,0.0,-0.6306017444039613,0
271,0.0,-1.0947234530006804,event1,m,1.0,0.0,-0.48112461473754264,1
271,0.0,-1.1465997508923154,event1,m,1.0,0.0,-0.351577769026647,1
271,1.0,-0.8825022343530828,event1,m,1.0,0.0,-0.714308937017156,1
271,0.0,-0.9390945593257757,event1,m,1.0,0.0,-0.6106714604484389,1
271,0.0,-0.9869803727642078,event1,m,1.0,0.0,-0.5164555726586965,1
271,1.0,-0.463053237496655,event1,m,1.0,0.0,-0.48112461473754264,1
271,0.0,-0.5240841761926961,event1,m,1.0,0.0,-0.4141176255767347,1
271,1.0,-0.4410820995660803,event1,m,1.0,0.0,-0.5164555726586965,0
271,0.0,-0.49444057739747627,event1,m,1.0,0.0,-0.5588527221640807,1
271,0.0,-0.5429482845169271,event1,m,1.0,0.0,-0.5027157556893592,1
271,0.0,-0.58723793014773,event1,m,1.0,0.0,-0.4496132198348923,1
271,0.0,-0.627836771975966,event1,m,1.0,0.0,-0.39930555428855563,1
271,1.0,-0.5560080518183177,event1,m,1.0,0.0,-0.3062363730278329,1
271,1.0,-0.49444057739747627,event1,m,1.0,0.0,-0.5487142733693147,1
275,1.0,2.17348331417232,event1,f,1.0,2.0,1.4620780709258987,1
277,1.0,2.17348331417232,event1,m,2.0,3.0,-0.351577769026647,1
277,0.0,0.3059365900734627,event1,m,2.0,3.0,0.1018361909614896,1
277,0.0,-0.3165789846261565,event1,m,2.0,3.0,0.37388456695437167,1
277,1.0,0.3059365900734627,event1,m,2.0,3.0,0.7819571309436942,0
277,0.0,0.03914420091648298,event1,m,2.0,3.0,-0.02182216176254748,1
277,0.0,-0.16095009095125165,event1,m,2.0,3.0,0.1018361909614896,0
277,0.0,-0.3165789846261565,event1,m,2.0,3.0,0.20647018172798284,1
277,1.0,-0.2033943346807711,event1,m,2.0,3.0,0.37388456695437167,1
277,0.0,-0.3165789846261565,event1,m,2.0,3.0,0.4418966609525919,1
277,0.0,-0.4123506115030208,event1,m,2.0,3.0,-0.17021218503139246,1
277,0.0,-0.49444057739747627,event1,m,2.0,3.0,-0.09248407760485447,0
279,1.0,0.3059365900734627,event1,f,1.0,2.0,-2.4949892162432916,0
279,0.0,-0.3165789846261565,event1,f,1.0,2.0,-2.5279647769697013,1
280,1.0,0.3059365900734627,event1,m,1.0,1.0,-1.647046226135608,1
280,0.0,-0.3165789846261565,event1,m,1.0,1.0,-1.560681662328344,1
281,0.0,-1.5616101340253947,event1,m,2.0,3.0,1.4620780709258987,1
283,0.0,-1.5616101340253947,event1,m,1.0,1.0,1.4620780709258987,1
283,1.0,0.3059365900734627,event1,m,1.0,1.0,1.4620780709258987,1
283,0.0,-0.0675727547463087,event1,m,1.0,1.0,0.6847969966605219,1
283,1.0,0.03914420091648298,event1,m,1.0,1.0,0.85752612427505,0
283,0.0,-0.16095009095125165,event1,m,1.0,1.0,0.9179813189401352,0
283,1.0,-0.0675727547463087,event1,m,1.0,1.0,0.2961564595278337,1
283,0.0,-0.2033943346807711,event1,m,1.0,1.0,0.1018361909614896,0
283,1.0,-0.1250357308724274,event1,m,1.0,1.0,0.2529741776242018,0
283,0.0,-0.22764818824049654,event1,m,1.0,1.0,0.1018361909614896,1
286,1.0,2.17348331417232,event1,f,1.0,2.0,1.4620780709258987,1
286,0.0,0.9284521647730817,event1,f,1.0,2.0,-0.351577769026647,1
286,1.0,0.6794459348932341,event1,f,1.0,2.0,0.1018361909614896,1
286,1.0,0.5727289792304422,event1,f,1.0,2.0,-0.02182216176254748,1
286,0.0,0.3059365900734627,event1,f,1.0,2.0,-0.714308937017156,1
286,0.0,0.0984313985069229,event1,f,1.0,2.0,-0.578284749020715,1
286,1.0,0.1361596151553847,event1,f,1.0,2.0,-0.5424889100742833,1
289,0.0,-1.5616101340253947,event1,m,2.0,3.0,1.4620780709258987,1
289,0.0,-1.5616101340253947,event1,m,2.0,3.0,1.4620780709258987,0
290,1.0,2.17348331417232,event1,m,1.0,1.0,1.4620780709258987,1
290,1.0,0.9284521647730817,event1,m,1.0,1.0,-0.351577769026647,0
291,1.0,2.17348331417232,event1,f,0.0,3.0,1.4620780709258987,1
291,1.0,0.9284521647730817,event1,f,0.0,3.0,0.37388456695437167,0
291,1.0,0.6794459348932341,event1,f,0.0,3.0,0.6847969966605219,1
291,1.0,0.5727289792304422,event1,f,0.0,3.0,0.85752612427505,1
291,0.0,0.3059365900734627,event1,f,0.0,3.0,0.9179813189401352,1
291,1.0,0.3059365900734627,event1,f,0.0,3.0,1.0086641109377623,1
293,1.0,0.3059365900734627,event1,m,1.0,1.0,0.1018361909614896,1
293,0.0,-0.3165789846261565,event1,m,1.0,1.0,-0.8697651518702314,1
295,0.0,-1.5616101340253947,event1,f,1.0,1.0,-1.2584056890029196,1
295,0.0,-1.5616101340253947,event1,f,1.0,1.0,-0.714308937017156,1
295,1.0,-0.0675727547463087,event1,f,1.0,1.0,-1.0110889835548453,1
298,0.0,-1.5616101340253947,event1,f,1.0,3.0,-1.8025024409886832,1
298,0.0,-1.5616101340253947,event1,f,1.0,3.0,-1.647046226135608,1
304,0.0,-1.5616101340253947,event1,f,2.0,3.0,1.4620780709258987,1
305,1.0,2.17348331417232,event1,f,2.0,3.0,-0.714308937017156,1
306,1.0,0.3059365900734627,event1,m,2.0,3.0,1.4620780709258987,1
306,1.0,0.9284521647730817,event1,m,2.0,3.0,0.7819571309436942,1
306,0.0,0.5727289792304422,event1,m,2.0,3.0,0.85752612427505,1
306,0.0,0.3059365900734627,event1,m,2.0,3.0,0.9179813189401352,0
306,1.0,0.4757135649915405,event1,m,2.0,3.0,-0.5424889100742833,1
307,1.0,2.17348331417232,event1,m,1.0,2.0,-1.8025024409886832,0
307,0.0,0.3059365900734627,event1,m,1.0,2.0,-1.647046226135608,0
307,1.0,0.3059365900734627,event1,m,1.0,2.0,-0.9561297156774952,0
307,0.0,-0.0675727547463087,event1,m,1.0,2.0,-1.0110889835548453,1
307,0.0,-0.3165789846261565,event1,m,1.0,2.0,-0.804991729014783,1
307,0.0,-0.49444057739747627,event1,m,1.0,2.0,-1.077040105007665,1
307,1.0,-0.3165789846261565,event1,m,1.0,2.0,-0.9561297156774952,0
307,0.0,-0.4410820995660803,event1,m,1.0,2.0,-0.8288556216457376,1
307,0.0,-0.5429482845169271,event1,m,1.0,2.0,-0.714308937017156,1
307,0.0,-0.627836771975966,event1,m,1.0,2.0,-0.6106714604484389,1
307,0.0,-0.6996654921336143,event1,m,1.0,2.0,-0.5164555726586965,0
307,0.0,-0.7612329665544558,event1,m,1.0,2.0,-0.8398697259369478,1
307,1.0,-0.627836771975966,event1,m,1.0,2.0,-0.9951330670743245,1
307,0.0,-0.682764616802403,event1,m,1.0,2.0,-1.0110889835548453,1
307,0.0,-0.7315893677592359,event1,m,1.0,2.0,-0.9383487760701174,1
307,1.0,-0.49444057739747627,event1,m,1.0,2.0,-0.9096257197812763,0
307,0.0,-0.5429482845169271,event1,m,1.0,2.0,-0.850333125013597,0
307,1.0,-0.36638023060212593,event1,m,1.0,2.0,-0.6890021113433996,1
309,1.0,2.17348331417232,event1,f,0.0,1.0,0.1018361909614896,0
309,0.0,0.9284521647730817,event1,f,0.0,1.0,-0.351577769026647,0
311,1.0,0.3059365900734627,event1,m,1.0,2.0,1.4620780709258987,1
311,0.0,-0.3165789846261565,event1,m,1.0,2.0,1.4620780709258987,1
311,1.0,0.3059365900734627,event1,m,1.0,2.0,1.4620780709258987,0
314,1.0,2.17348331417232,event1,f,2.0,3.0,-2.424327300400985,1
314,0.0,0.3059365900734627,event1,f,2.0,3.0,-2.812967837533673,1
314,0.0,-0.3165789846261565,event1,f,2.0,3.0,-2.5279647769697013,1
320,1.0,1.2397099521228914,event1,m,1.0,1.0,1.4620780709258987,0
321,1.0,2.17348331417232,event1,f,1.0,1.0,-0.351577769026647,0
321,0.0,0.3059365900734627,event1,f,1.0,1.0,-0.714308937017156,0
321,0.0,-0.3165789846261565,event1,f,1.0,1.0,-0.351577769026647,1
321,0.0,-0.627836771975966,event1,f,1.0,1.0,-0.09248407760485447,0
321,0.0,-0.8145914443858517,event1,f,1.0,1.0,0.1018361909614896,1
321,0.0,-0.9390945593257757,event1,f,1.0,1.0,-0.17021218503139246,1
321,1.0,-0.627836771975966,event1,f,1.0,1.0,-0.48112461473754264,1
321,1.0,-0.4410820995660803,event1,f,1.0,1.0,-0.23822427902961268,1
324,1.0,2.17348331417232,event1,f,1.0,1.0,-0.351577769026647,0
324,1.0,1.2397099521228914,event1,f,1.0,1.0,-0.578284749020715,1
324,0.0,0.6794459348932341,event1,f,1.0,1.0,-0.714308937017156,1
324,1.0,0.7728232710981771,event1,f,1.0,1.0,-0.21206578133798953,1
324,1.0,0.9284521647730817,event1,f,1.0,1.0,-0.04930179570122259,0
324,1.0,0.9284521647730817,event1,f,1.0,1.0,-0.1938685655525125,1
324,0.0,0.7728232710981771,event1,f,1.0,1.0,-0.1248707890325784,1
324,0.0,0.6355036590320846,event1,f,1.0,1.0,-0.06139283463423964,1
333,0.0,-1.5616101340253947,event1,m,1.0,2.0,-1.2584056890029196,1
333,0.0,-1.5616101340253947,event1,m,1.0,2.0,-1.2584056890029196,1
333,0.0,-1.5616101340253947,event1,m,1.0,2.0,-2.1652336089791926,1
333,0.0,-1.5616101340253947,event1,m,1.0,2.0,-1.8862096336018777,1
333,0.0,-1.5616101340253947,event1,m,1.0,2.0,-1.647046226135608,1
334,1.0,2.17348331417232,event1,f,2.0,3.0,1.4620780709258987,0
334,1.0,0.9284521647730817,event1,f,2.0,3.0,1.4620780709258987,0
334,0.0,0.3059365900734627,event1,f,2.0,3.0,0.5552501509496263,0
334,1.0,0.3059365900734627,event1,f,2.0,3.0,0.7819571309436942,0
334,1.0,0.3059365900734627,event1,f,2.0,3.0,0.9179813189401352,0
334,1.0,0.9284521647730817,event1,f,2.0,3.0,0.16660961381693742,1
334,0.0,0.7728232710981771,event1,f,2.0,3.0,0.2254945436855267,1
334,0.0,0.6355036590320846,event1,f,2.0,3.0,0.279259044869891,1
334,0.0,0.5134417816400025,event1,f,2.0,3.0,0.32854317095555763,1
334,0.0,0.4042285229207709,event1,f,2.0,3.0,0.051456862073918676,1
334,0.0,0.3059365900734627,event1,f,2.0,3.0,-0.29307274193140365,1
334,0.0,0.2170057936878027,event1,f,2.0,3.0,-0.351577769026647,1
335,1.0,2.17348331417232,event1,m,3.0,3.0,-0.351577769026647,0
336,1.0,2.17348331417232,event1,m,2.0,3.0,0.5552501509496263,0
337,1.0,0.9284521647730817,event1,m,2.0,3.0,1.4620780709258987,1
337,0.0,0.3059365900734627,event1,m,2.0,3.0,1.4620780709258987,1
337,1.0,0.5727289792304422,event1,m,2.0,3.0,1.4620780709258987,1
337,1.0,0.6794459348932341,event1,m,2.0,3.0,1.4620780709258987,1
340,1.0,2.17348331417232,event1,f,2.0,3.0,1.4620780709258987,1
340,1.0,1.2397099521228914,event1,f,2.0,3.0,1.4620780709258987,1
340,1.0,0.9284521647730817,event1,f,2.0,3.0,1.4620780709258987,1
341,0.0,-1.5616101340253947,event1,f,2.0,3.0,1.4620780709258987,1
341,1.0,-0.3165789846261565,event1,f,2.0,3.0,-0.8697651518702314,1
341,0.0,-0.627836771975966,event1,f,2.0,3.0,-0.578284749020715,1
341,0.0,-0.8145914443858517,event1,f,2.0,3.0,-0.714308937017156,0
342,0.0,-1.5616101340253947,event1,m,2.0,3.0,1.4620780709258987,0
342,0.0,-1.5616101340253947,event1,m,2.0,3.0,1.4620780709258987,1
343,1.0,2.17348331417232,event1,m,2.0,3.0,1.4620780709258987,0
350,1.0,2.17348331417232,event1,m,2.0,3.0,-0.351577769026647,1
350,0.0,0.3059365900734627,event1,m,2.0,3.0,-0.714308937017156,0
350,0.0,-0.3165789846261565,event1,m,2.0,3.0,-0.351577769026647,0
350,0.0,-0.627836771975966,event1,m,2.0,3.0,-0.09248407760485447,1
350,0.0,-0.8145914443858517,event1,m,2.0,3.0,-0.351577769026647,0
350,1.0,-0.49444057739747627,event1,m,2.0,3.0,-0.351577769026647,1
350,1.0,-0.0675727547463087,event1,m,2.0,3.0,-0.23822427902961268,1
350,0.0,-0.2033943346807711,event1,m,2.0,3.0,-0.13820649373811175,1
350,1.0,0.03914420091648298,event1,m,2.0,3.0,0.1018361909614896,1
353,1.0,2.17348331417232,event1,m,1.0,2.0,1.4620780709258987,0
353,0.0,0.3059365900734627,event1,m,1.0,2.0,1.4620780709258987,1
353,1.0,0.6794459348932341,event1,m,1.0,2.0,1.4620780709258987,0
353,1.0,0.9284521647730817,event1,m,1.0,2.0,1.4620780709258987,0
353,0.0,0.6794459348932341,event1,m,1.0,2.0,1.4620780709258987,1
353,1.0,0.6171943774232724,event1,m,1.0,2.0,1.4620780709258987,0
353,1.0,0.7728232710981771,event1,m,1.0,2.0,1.1598020976004744,0
353,0.0,0.6355036590320846,event1,m,1.0,2.0,1.175711359354444,0
353,0.0,0.5134417816400025,event1,m,1.0,2.0,1.1900296949330167,0
353,0.0,0.4042285229207709,event1,m,1.0,2.0,1.2029843795041062,1
356,0.0,-1.5616101340253947,event1,f,1.0,2.0,-0.351577769026647,1
356,0.0,-1.5616101340253947,event1,f,1.0,2.0,-0.714308937017156,1
356,0.0,-1.5616101340253947,event1,f,1.0,2.0,-0.351577769026647,1
356,0.0,-1.5616101340253947,event1,f,1.0,2.0,-0.9561297156774952,0
356,0.0,-1.5616101340253947,event1,f,1.0,2.0,-0.714308937017156,1
356,0.0,-1.5616101340253947,event1,f,1.0,2.0,-0.5164555726586965,1
356,0.0,-1.5616101340253947,event1,f,1.0,2.0,-0.351577769026647,1
356,0.0,-1.5616101340253947,event1,f,1.0,2.0,-0.48112461473754264,1
356,1.0,-0.8825022343530828,event1,f,1.0,2.0,-0.5424889100742833,0
356,0.0,-0.9390945593257757,event1,f,1.0,2.0,-0.44226056102427397,1
356,0.0,-0.9869803727642078,event1,f,1.0,2.0,-0.6669961759749153,1
356,0.0,-1.0280253557114354,event1,f,1.0,2.0,-0.578284749020715,0
356,0.0,-1.0635976742656994,event1,f,1.0,2.0,-0.9769763345275246,1
360,0.0,-1.5616101340253947,event1,m,2.0,3.0,1.4620780709258987,1
361,0.0,-1.5616101340253947,event1,m,1.0,2.0,1.4620780709258987,1
39,1.0,2.17348331417232,event2,m,1.0,1.0,-1.2584056890029196,0
44,1.0,2.17348331417232,event2,m,2.0,2.0,-0.17021218503139246,0
44,0.0,1.6398985358583607,event2,m,2.0,2.0,-0.02182216176254748,1
44,0.0,1.2397099521228914,event2,m,2.0,2.0,0.1018361909614896,0
44,0.0,0.9284521647730817,event2,m,2.0,2.0,0.20647018172798284,1
44,0.0,0.6794459348932341,event2,m,2.0,2.0,0.2961564595278337,0
44,0.0,0.4757135649915405,event2,m,2.0,2.0,0.37388456695437167,1
44,1.0,0.44959403038875934,event2,m,2.0,2.0,0.2529741776242018,1
45,1.0,0.9284521647730817,event2,m,1.0,1.0,1.4620780709258987,0
45,0.0,0.3059365900734627,event2,m,1.0,1.0,1.4620780709258987,1
45,0.0,-0.0675727547463087,event2,m,1.0,1.0,1.4620780709258987,1
45,1.0,0.5134417816400025,event2,m,1.0,1.0,1.4620780709258987,0
45,1.0,0.4757135649915405,event2,m,1.0,1.0,1.043542107859927,1
46,1.0,0.3059365900734627,event2,m,2.0,3.0,0.1018361909614896,1
46,0.0,-0.3165789846261565,event2,m,2.0,3.0,-0.351577769026647,0
46,0.0,-0.627836771975966,event2,m,2.0,3.0,-0.09248407760485447,1
46,0.0,-0.8145914443858517,event2,m,2.0,3.0,0.1018361909614896,0
46,1.0,-0.49444057739747627,event2,m,2.0,3.0,-0.02182216176254748,0
46,0.0,-0.627836771975966,event2,m,2.0,3.0,0.1018361909614896,1
46,1.0,-0.4410820995660803,event2,m,2.0,3.0,0.2961564595278337,1
46,1.0,-0.3165789846261565,event2,m,2.0,3.0,0.4418966609525919,0
46,1.0,-0.22764818824049654,event2,m,2.0,3.0,0.5552501509496263,0
46,1.0,-0.16095009095125165,event2,m,2.0,3.0,0.42570330523872996,0
46,1.0,-0.1090737930596167,event2,m,2.0,3.0,0.15624586616006603,1
47,0.0,-1.5616101340253947,event2,m,2.0,3.0,-2.424327300400985,1
47,0.0,-1.5616101340253947,event2,m,2.0,3.0,-2.4949892162432916,1
47,0.0,-1.5616101340253947,event2,m,2.0,3.0,-2.1652336089791926,1
47,0.0,-1.5616101340253947,event2,m,2.0,3.0,-1.8862096336018777,1
47,0.0,-1.5616101340253947,event2,m,2.0,3.0,-1.647046226135608,1
47,0.0,-1.5616101340253947,event2,m,2.0,3.0,-1.4397712729981742,1
49,0.0,-1.5616101340253947,event2,f,2.0,3.0,1.4620780709258987,0
49,0.0,-1.5616101340253947,event2,f,2.0,3.0,1.4620780709258987,1
49,1.0,-0.0675727547463087,event2,f,2.0,3.0,1.4620780709258987,0
49,1.0,0.3059365900734627,event2,f,2.0,3.0,1.4620780709258987,1
49,0.0,0.0984313985069229,event2,f,2.0,3.0,1.4620780709258987,1
49,1.0,0.3059365900734627,event2,f,2.0,3.0,1.4620780709258987,1
49,0.0,0.16227914975816607,event2,f,2.0,3.0,1.4620780709258987,0
49,1.0,0.4157922797263367,event2,f,2.0,3.0,1.4620780709258987,1
49,1.0,0.5727289792304422,event2,f,2.0,3.0,1.4620780709258987,0
49,0.0,0.4757135649915405,event2,f,2.0,3.0,1.4620780709258987,0
50,0.0,-1.5616101340253947,event2,f,2.0,3.0,-0.351577769026647,0
50,0.0,-1.5616101340253947,event2,f,2.0,3.0,0.1018361909614896,0
50,1.0,-0.627836771975966,event2,f,2.0,3.0,-0.578284749020715,1
50,1.0,0.5134417816400025,event2,f,2.0,3.0,0.20647018172798284,1
50,0.0,0.3059365900734627,event2,f,2.0,3.0,0.2961564595278337,0
50,0.0,0.1361596151553847,event2,f,2.0,3.0,-0.13820649373811175,1
50,1.0,0.16227914975816607,event2,f,2.0,3.0,-0.17021218503139246,0
53,1.0,2.17348331417232,event2,f,2.0,3.0,-0.351577769026647,0
53,0.0,0.3059365900734627,event2,f,2.0,3.0,0.1018361909614896,1
53,0.0,-0.3165789846261565,event2,f,2.0,3.0,0.37388456695437167,1
53,0.0,-0.627836771975966,event2,f,2.0,3.0,0.5552501509496263,0
53,1.0,-0.3165789846261565,event2,f,2.0,3.0,0.7819571309436942,1
53,0.0,-0.49444057739747627,event2,f,2.0,3.0,0.37388456695437167,1
53,1.0,-0.3165789846261565,event2,f,2.0,3.0,-0.7783203196037163,0
53,0.0,-0.4410820995660803,event2,f,2.0,3.0,-0.8288556216457376,0
53,1.0,-0.3165789846261565,event2,f,2.0,3.0,-0.6106714604484389,1
54,1.0,0.3059365900734627,event2,m,1.0,3.0,1.4620780709258987,1
54,1.0,0.9284521647730817,event2,m,1.0,3.0,0.2529741776242018,0
54,0.0,0.5727289792304422,event2,m,1.0,3.0,0.37388456695437167,0
54,1.0,0.6794459348932341,event2,m,1.0,3.0,0.6250061447939547,1
54,0.0,0.4757135649915405,event2,m,1.0,3.0,0.6847969966605219,1
58,0.0,-1.5616101340253947,event2,m,2.0,3.0,1.4620780709258987,1
58,0.0,-1.5616101340253947,event2,m,2.0,3.0,-0.714308937017156,1
58,0.0,-1.5616101340253947,event2,m,2.0,3.0,-0.351577769026647,1
58,1.0,-0.3165789846261565,event2,m,2.0,3.0,-0.17021218503139246,1
58,1.0,-0.16095009095125165,event2,m,2.0,3.0,0.1018361909614896,1
58,1.0,-0.0675727547463087,event2,m,2.0,3.0,0.011153398963862048,0
58,0.0,-0.2033943346807711,event2,m,2.0,3.0,0.1018361909614896,0
58,1.0,0.18143347513353889,event2,m,2.0,3.0,0.16660961381693742,1
60,1.0,2.17348331417232,event2,f,1.0,3.0,-1.2584056890029196,1
60,0.0,0.9284521647730817,event2,f,1.0,3.0,-0.8697651518702314,1
60,1.0,0.6794459348932341,event2,f,1.0,3.0,-0.351577769026647,1
60,0.0,0.3059365900734627,event2,f,1.0,3.0,-0.17021218503139246,0
60,0.0,0.03914420091648298,event2,f,1.0,3.0,-0.02182216176254748,0
60,0.0,-0.16095009095125165,event2,f,1.0,3.0,0.1018361909614896,1
60,1.0,-0.0675727547463087,event2,f,1.0,3.0,0.2961564595278337,0
60,1.0,0.7209469732065423,event2,f,1.0,3.0,0.5158228500810924,0
60,0.0,0.6008123886153877,event2,f,1.0,3.0,0.37388456695437167,1
60,1.0,0.5727289792304422,event2,f,1.0,3.0,0.2961564595278337,1
61,1.0,2.17348331417232,event2,m,2.0,3.0,0.1018361909614896,1
61,1.0,1.7065966331476057,event2,m,2.0,3.0,0.1018361909614896,0
61,1.0,1.4943754145000085,event2,m,2.0,3.0,0.1018361909614896,1
61,0.0,1.2397099521228914,event2,m,2.0,3.0,0.18185041919468986,1
64,0.0,-1.5616101340253947,event2,m,1.0,2.0,-0.351577769026647,1
64,0.0,-1.5616101340253947,event2,m,1.0,2.0,0.1018361909614896,1
64,0.0,-1.5616101340253947,event2,m,1.0,2.0,0.37388456695437167,1
64,0.0,-1.5616101340253947,event2,m,1.0,2.0,0.5552501509496263,1
64,0.0,-1.5616101340253947,event2,m,1.0,2.0,0.6847969966605219,1
65,1.0,1.7065966331476057,event2,m,1.0,2.0,0.1018361909614896,1
65,1.0,1.4943754145000085,event2,m,1.0,2.0,0.37388456695437167,1
66,1.0,2.17348331417232,event2,m,1.0,2.0,1.4620780709258987,0
67,1.0,2.17348331417232,event2,m,2.0,2.0,0.1018361909614896,1
67,1.0,1.2397099521228914,event2,m,2.0,2.0,0.5552501509496263,1
68,1.0,2.17348331417232,event2,m,1.0,3.0,1.4620780709258987,1
68,1.0,0.9284521647730817,event2,m,1.0,3.0,1.4620780709258987,0
68,1.0,0.9284521647730817,event2,m,1.0,3.0,-0.17021218503139246,0
68,1.0,1.0529552797130055,event2,m,1.0,3.0,-0.23822427902961268,1
68,0.0,0.8152675148276964,event2,m,1.0,3.0,-0.13820649373811175,1
68,0.0,0.6171943774232724,event2,m,1.0,3.0,-0.04930179570122259,1
68,1.0,0.5727289792304422,event2,m,1.0,3.0,-0.26913886721062225,0
68,0.0,0.43043970501338646,event2,m,1.0,3.0,-0.1938685655525125,0
68,1.0,0.6008123886153877,event2,m,1.0,3.0,-0.09248407760485447,1
68,0.0,0.4926912624833486,event2,m,1.0,3.0,-0.5164555726586965,1
68,0.0,0.39486738645912267,event2,m,1.0,3.0,-0.5588527221640807,1
69,1.0,2.17348331417232,event2,m,1.0,3.0,0.1018361909614896,1
69,0.0,0.9284521647730817,event2,m,1.0,3.0,-0.351577769026647,1
69,1.0,0.6794459348932341,event2,m,1.0,3.0,-0.351577769026647,1
69,0.0,0.3059365900734627,event2,m,1.0,3.0,-0.17021218503139246,1
69,0.0,0.03914420091648298,event2,m,1.0,3.0,-0.6306017444039613,1
69,1.0,0.3059365900734627,event2,m,1.0,3.0,-0.23822427902961268,1
69,1.0,0.44959403038875934,event2,m,1.0,3.0,-0.804991729014783,1
69,0.0,0.3059365900734627,event2,m,1.0,3.0,-0.714308937017156,1
75,1.0,2.17348331417232,event2,m,1.0,2.0,1.4620780709258987,1
75,1.0,1.7584729310392404,event2,m,1.0,2.0,0.5552501509496263,1
76,0.0,-1.5616101340253947,event2,m,2.0,3.0,1.4620780709258987,0
76,1.0,-0.3165789846261565,event2,m,2.0,3.0,1.4620780709258987,1
76,0.0,-0.627836771975966,event2,m,2.0,3.0,1.4620780709258987,1
76,1.0,0.3059365900734627,event2,m,2.0,3.0,1.4620780709258987,1
76,1.0,0.4757135649915405,event2,m,2.0,3.0,1.4620780709258987,1
76,0.0,0.3059365900734627,event2,m,2.0,3.0,1.4620780709258987,0
77,1.0,0.9284521647730817,event2,m,3.0,3.0,-1.8025024409886832,1
77,1.0,0.6794459348932341,event2,m,3.0,3.0,-1.2584056890029196,0
77,1.0,0.5727289792304422,event2,m,3.0,3.0,-0.8697651518702314,1
77,0.0,0.3059365900734627,event2,m,3.0,3.0,-0.714308937017156,1
77,1.0,0.6171943774232724,event2,m,3.0,3.0,-0.9035599811861175,1
77,1.0,0.9939801200046208,event2,m,3.0,3.0,-0.578284749020715,0
77,0.0,0.86620060730312,event2,m,3.0,3.0,-0.6182918631373151,0
77,0.0,0.7505905720017622,event2,m,3.0,3.0,-0.5588527221640807,0
77,0.0,0.6454905399096187,event2,m,3.0,3.0,-0.6856722658600105,1
77,0.0,0.5495296410428787,event2,m,3.0,3.0,-0.714308937017156,1
77,0.0,0.4615654837483673,event2,m,3.0,3.0,-0.6612263270673254,0
77,0.0,0.38063845903741705,event2,m,3.0,3.0,-0.6890021113433996,1
77,1.0,0.3751049872623092,event2,m,3.0,3.0,-0.9319476378114611,0
77,0.0,0.3059365900734627,event2,m,3.0,3.0,-0.9445037167034405,0
77,0.0,0.24153842717350218,event2,m,3.0,3.0,-0.8990965131632644,1
77,0.0,0.18143347513353889,event2,m,3.0,3.0,-0.9121623013756156,1
77,0.0,0.12520626193486353,event2,m,3.0,3.0,-0.9769763345275246,1
77,0.0,0.07249324956110552,event2,m,3.0,3.0,-0.9863573130100375,1
77,0.0,0.022974965209999497,event2,m,3.0,3.0,-1.1328449000831278,1
77,1.0,0.03914420091648298,event2,m,3.0,3.0,-1.0983772325365184,1
77,0.0,-0.005321197276346802,event2,m,3.0,3.0,-1.1828366956715637,1
77,0.0,-0.04738306043172646,event2,m,3.0,3.0,-1.1466049865400916,1
77,0.0,-0.08723114131577042,event2,m,3.0,3.0,-1.1113525127905513,1
80,1.0,0.3059365900734627,event2,f,1.0,3.0,-0.714308937017156,0
81,0.0,-1.5616101340253947,event2,f,3.0,3.0,-0.351577769026647,1
81,0.0,-1.5616101340253947,event2,f,3.0,3.0,-1.2584056890029196,1
81,0.0,-1.5616101340253947,event2,f,3.0,3.0,-0.8697651518702314,1
81,1.0,-0.3165789846261565,event2,f,3.0,3.0,-1.0491377074699337,0
81,0.0,-0.49444057739747627,event2,f,3.0,3.0,-0.8697651518702314,1
81,0.0,-0.627836771975966,event2,f,3.0,3.0,-0.714308937017156,1
81,0.0,-0.7315893677592359,event2,f,3.0,3.0,-0.578284749020715,1
81,1.0,-0.5429482845169271,event2,f,3.0,3.0,-0.351577769026647,0
81,1.0,-0.4123506115030208,event2,f,3.0,3.0,-0.17021218503139246,0
81,0.0,-0.49444057739747627,event2,f,3.0,3.0,-0.09248407760485447,1
81,0.0,-0.5655852145060041,event2,f,3.0,3.0,-0.351577769026647,1
81,1.0,-0.1855230741630788,event2,f,3.0,3.0,-0.226498055926471,0
81,0.0,-0.2543274271561946,event2,f,3.0,3.0,-0.29307274193140365,1
81,0.0,-0.3165789846261565,event2,f,3.0,3.0,-0.23822427902961268,1
81,0.0,-0.3731713095988491,event2,f,3.0,3.0,-0.18669996539459693,1
81,0.0,-0.4248425628347858,event2,f,3.0,3.0,-0.13820649373811175,1
83,1.0,2.17348331417232,event2,m,3.0,3.0,-0.351577769026647,1
83,0.0,0.3059365900734627,event2,m,3.0,3.0,0.1018361909614896,0
83,0.0,-0.3165789846261565,event2,m,3.0,3.0,0.37388456695437167,1
83,0.0,-0.627836771975966,event2,m,3.0,3.0,0.5552501509496263,1
83,1.0,-0.3165789846261565,event2,m,3.0,3.0,-0.17021218503139246,0
83,0.0,-0.49444057739747627,event2,m,3.0,3.0,-0.8697651518702314,1
83,1.0,-0.3165789846261565,event2,m,3.0,3.0,-0.578284749020715,1
83,0.0,-0.4410820995660803,event2,m,3.0,3.0,-0.6538537423520708,1
83,1.0,-0.3165789846261565,event2,m,3.0,3.0,-0.6106714604484389,1
83,0.0,-0.4123506115030208,event2,m,3.0,3.0,-0.6669961759749153,1
83,0.0,-0.49444057739747627,event2,m,3.0,3.0,-0.578284749020715,1
83,0.0,-0.5655852145060041,event2,m,3.0,3.0,-0.6306017444039613,0
83,0.0,-0.627836771975966,event2,m,3.0,3.0,-0.8956745210124105,1
83,1.0,-0.2543274271561946,event2,m,3.0,3.0,-0.6182918631373151,0
83,1.0,-0.2033943346807711,event2,m,3.0,3.0,-0.9993119975811271,0
83,0.0,-0.26244719552184176,event2,m,3.0,3.0,-0.942070368080964,1
83,0.0,-0.3165789846261565,event2,m,3.0,3.0,-0.8874306308308078,1
83,1.0,-0.26869317118772423,event2,m,3.0,3.0,-0.7852780785805161,1
83,0.0,-0.3165789846261565,event2,m,3.0,3.0,-0.804991729014783,1
83,0.0,-0.36104438281898626,event2,m,3.0,3.0,-0.8231282874143089,1
83,1.0,-0.3165789846261565,event2,m,3.0,3.0,-0.7964367486376487,1
83,0.0,-0.35674127976806735,event2,m,3.0,3.0,-0.7546124001272126,1
83,0.0,-0.39439343146360883,event2,m,3.0,3.0,-0.9356364293503482,0
83,1.0,-0.14833153200463767,event2,m,3.0,3.0,-0.9824145829231844,1
84,0.0,-1.5616101340253947,event2,m,3.0,3.0,-0.351577769026647,0
84,0.0,-1.5616101340253947,event2,m,3.0,3.0,0.1018361909614896,1
84,0.0,-1.5616101340253947,event2,m,3.0,3.0,-0.8697651518702314,1
84,0.0,-1.5616101340253947,event2,m,3.0,3.0,-1.8862096336018777,1
84,0.0,-1.5616101340253947,event2,m,3.0,3.0,-2.058547971334925,1
86,0.0,-1.5616101340253947,event2,m,1.0,1.0,-1.8025024409886832,0
86,0.0,-1.5616101340253947,event2,m,1.0,1.0,-1.2584056890029196,0
86,1.0,-0.0675727547463087,event2,m,1.0,1.0,-0.351577769026647,1
86,0.0,-0.3165789846261565,event2,m,1.0,1.0,-0.17021218503139246,1
86,1.0,0.736908911019353,event2,m,1.0,1.0,-0.351577769026647,0
86,0.0,0.5727289792304422,event2,m,1.0,1.0,-0.26913886721062225,0
86,0.0,0.43043970501338646,event2,m,1.0,1.0,-0.1938685655525125,1
86,1.0,0.6008123886153877,event2,m,1.0,1.0,-0.09248407760485447,1
86,0.0,0.4926912624833486,event2,m,1.0,1.0,-0.17021218503139246,1
88,0.0,-1.5616101340253947,event2,m,1.0,2.0,1.4620780709258987,1
88,0.0,-1.5616101340253947,event2,m,1.0,2.0,1.4620780709258987,1
88,0.0,-1.5616101340253947,event2,m,1.0,2.0,1.4620780709258987,1
88,1.0,0.5134417816400025,event2,m,1.0,2.0,-0.351577769026647,1
88,0.0,0.3059365900734627,event2,m,1.0,2.0,-0.23822427902961268,1
88,1.0,0.3059365900734627,event2,m,1.0,2.0,-0.04930179570122259,1
89,1.0,0.3059365900734627,event2,m,2.0,2.0,-0.714308937017156,1
89,1.0,0.3059365900734627,event2,m,2.0,2.0,-0.09248407760485447,1
89,1.0,0.7728232710981771,event2,m,2.0,2.0,0.4728112491336015,1
89,1.0,0.9284521647730817,event2,m,2.0,2.0,0.7366157349448808,1
89,1.0,0.8395213683874221,event2,m,2.0,2.0,0.8219642450602943,1
89,1.0,0.7728232710981771,event2,m,2.0,2.0,0.8893446477829897,1
90,1.0,2.17348331417232,event2,m,1.0,3.0,-0.351577769026647,0
90,1.0,0.9284521647730817,event2,m,1.0,3.0,0.37388456695437167,0
90,0.0,0.3059365900734627,event2,m,1.0,3.0,0.5552501509496263,0
90,0.0,-0.0675727547463087,event2,m,1.0,3.0,0.6847969966605219,1
90,1.0,0.03914420091648298,event2,m,1.0,3.0,0.37388456695437167,0
90,0.0,-0.16095009095125165,event2,m,1.0,3.0,0.1018361909614896,1
90,1.0,-0.0675727547463087,event2,m,1.0,3.0,0.2961564595278337,0
90,0.0,-0.2033943346807711,event2,m,1.0,3.0,0.1018361909614896,0
90,1.0,-0.1250357308724274,event2,m,1.0,3.0,0.2529741776242018,1
90,1.0,0.07249324956110552,event2,m,1.0,3.0,0.42570330523872996,1
90,1.0,0.0984313985069229,event2,m,1.0,3.0,0.32854317095555763,1
90,1.0,0.119181917663577,event2,m,1.0,3.0,0.41573816326096874,1
90,1.0,0.1361596151553847,event2,m,1.0,3.0,0.33636065302431895,0
90,1.0,0.15030769639855784,event2,m,1.0,3.0,0.40898758321151724,0
90,1.0,0.3059365900734627,event2,m,1.0,3.0,0.529340781807447,0
90,0.0,0.24153842717350218,event2,m,1.0,3.0,0.5552501509496263,1
90,0.0,0.18143347513353889,event2,m,1.0,3.0,0.45979458042580773,0
90,1.0,0.2493442651007701,event2,m,1.0,3.0,0.533132396803863,0
91,1.0,0.3059365900734627,event2,m,1.0,2.0,0.1018361909614896,1
91,0.0,-0.3165789846261565,event2,m,1.0,2.0,0.37388456695437167,1
91,0.0,-0.627836771975966,event2,m,1.0,2.0,0.5552501509496263,1
91,0.0,-0.8145914443858517,event2,m,1.0,2.0,0.6847969966605219,1
91,0.0,-0.9390945593257757,event2,m,1.0,2.0,0.7819571309436942,1
91,0.0,-1.0280253557114354,event2,m,1.0,2.0,0.85752612427505,1
91,0.0,-1.0947234530006804,event2,m,1.0,2.0,0.9179813189401352,0
91,1.0,-0.5429482845169271,event2,m,1.0,2.0,1.043542107859927,1
91,0.0,-0.627836771975966,event2,m,1.0,2.0,1.0734375337932107,1
91,0.0,-0.6996654921336143,event2,m,1.0,2.0,1.0993469029353897,1
93,1.0,2.17348331417232,event2,m,1.0,1.0,1.4620780709258987,1
93,1.0,1.4264646245327772,event2,m,1.0,1.0,1.4620780709258987,1
93,1.0,1.4264646245327772,event2,m,1.0,1.0,1.4620780709258987,1
94,1.0,2.17348331417232,event2,m,1.0,1.0,1.4620780709258987,1
94,1.0,1.2397099521228914,event2,m,1.0,1.0,1.4620780709258987,1
94,1.0,1.1063137575444015,event2,m,1.0,1.0,-0.351577769026647,0
94,1.0,1.0529552797130055,event2,m,1.0,1.0,-0.23822427902961268,1
