last_hint_correct,history_hint_correct,group,sex,age,education,hint_density,lie_detected
1.0,2.17348331417232,dpm,m,0.0,0.0,-1.2584056890029196,0
0.0,0.3059365900734627,dpm,m,0.0,0.0,-1.2584056890029196,1
0.0,-0.3165789846261565,dpm,m,0.0,0.0,-0.8697651518702314,1
0.0,-0.627836771975966,dpm,m,0.0,0.0,-0.9561297156774952,1
0.0,-1.5616101340253947,dpm,m,0.0,0.0,-0.351577769026647,1
0.0,-1.5616101340253947,dpm,m,0.0,0.0,-2.618647568967329,0
0.0,-1.5616101340253947,dpm,m,0.0,0.0,-2.1652336089791926,1
0.0,-1.5616101340253947,dpm,m,0.0,0.0,-1.8025024409886832,1
1.0,-0.8145914443858517,dpm,m,0.0,0.0,-1.4676736705359055,1
0.0,-0.9390945593257757,dpm,m,0.0,0.0,-1.2584056890029196,1
0.0,-1.0280253557114354,dpm,m,0.0,0.0,-1.077040105007665,1
0.0,-1.0947234530006804,dpm,m,0.0,0.0,-1.0983772325365184,1
0.0,-1.1465997508923154,dpm,m,0.0,0.0,-0.9561297156774952,1
1.0,2.17348331417232,dpm,m,0.0,0.0,1.4620780709258987,0
0.0,1.4264646245327772,dpm,m,0.0,0.0,1.4620780709258987,0
0.0,0.9284521647730817,dpm,m,0.0,0.0,1.4620780709258987,0
0.0,0.5727289792304422,dpm,m,0.0,0.0,1.4620780709258987,0
1.0,1.1063137575444015,dpm,m,0.0,0.0,1.1220176009347964,0
0.0,0.9284521647730817,dpm,m,0.0,0.0,0.6029779362115348,0
1.0,0.8552150383378326,dpm,m,0.0,0.0,0.6847969966605219,0
1.0,0.7973962543100039,dpm,m,0.0,0.0,0.37388456695437167,0
1.0,0.8743203756687672,dpm,m,0.0,0.0,0.37388456695437167,0
0.0,0.7728232710981771,dpm,m,0.0,0.0,0.40898758321151724,1
0.0,0.6794459348932341,dpm,m,0.0,0.0,0.4418966609525919,1
1.0,0.9284521647730817,dpm,f,0.0,1.0,1.4620780709258987,1
0.0,0.3059365900734627,dpm,f,0.0,1.0,1.4620780709258987,0
1.0,0.3059365900734627,dpm,f,0.0,1.0,1.4620780709258987,1
1.0,0.8152675148276964,dpm,f,0.0,1.0,0.6847969966605219,1
1.0,0.8395213683874221,dpm,f,0.0,1.0,0.8219642450602943,0
0.0,0.6794459348932341,dpm,f,0.0,1.0,0.85752612427505,1
1.0,0.6355036590320846,dpm,f,0.0,1.0,0.6847969966605219,1
1.0,0.6794459348932341,dpm,f,0.0,1.0,0.5915232677486768,1
1.0,0.8288496728211429,dpm,f,0.0,1.0,0.7366157349448808,1
1.0,1.2397099521228914,dpm,m,0.0,1.0,0.5552501509496263,1
1.0,1.1063137575444015,dpm,m,0.0,1.0,0.85752612427505,0
1.0,1.1548214646638524,dpm,m,0.0,1.0,1.043542107859927,1
1.0,1.0242237916499461,dpm,m,0.0,1.0,1.0993469029353897,0
0.0,0.8395213683874221,dpm,m,0.0,1.0,0.5552501509496263,1
1.0,0.7728232710981771,dpm,m,0.0,1.0,0.6459329429472531,0
0.0,-1.5616101340253947,dpm,m,1.0,1.0,-0.351577769026647,1
1.0,-0.3165789846261565,dpm,m,1.0,1.0,0.37388456695437167,0
0.0,-0.627836771975966,dpm,m,1.0,1.0,-0.09248407760485447,0
1.0,-0.3165789846261565,dpm,m,1.0,1.0,-0.5164555726586965,1
1.0,-0.16095009095125165,dpm,m,1.0,1.0,-0.48112461473754264,1
1.0,0.3059365900734627,dpm,m,1.0,1.0,-0.04930179570122259,1
0.0,0.16227914975816607,dpm,m,1.0,1.0,0.030244513068625745,1
1.0,0.18143347513353889,dpm,m,1.0,1.0,0.16660961381693742,1
1.0,0.4042285229207709,dpm,m,1.0,1.0,0.051456862073918676,0
1.0,0.39486738645912267,dpm,m,1.0,1.0,0.14874108337405523,1
1.0,0.3871342737299347,dpm,m,1.0,1.0,-0.13820649373811175,1
0.0,0.3059365900734627,dpm,m,1.0,1.0,-0.09248407760485447,1
1.0,0.3751049872623092,dpm,m,1.0,1.0,0.030244513068625745,0
0.0,0.3059365900734627,dpm,m,1.0,1.0,0.06695819403932539,1
1.0,0.3059365900734627,dpm,m,1.0,1.0,0.13501282218013377,1
1.0,0.3059365900734627,dpm,m,1.0,1.0,0.19673678723807647,1
0.0,0.2493442651007701,dpm,m,1.0,1.0,0.13206378829403193,1
0.0,0.1960809004205887,dpm,m,1.0,1.0,0.072894874366502,1
0.0,0.14586115657927487,dpm,m,1.0,1.0,-0.06139283463423964,1
0.0,0.0984313985069229,dpm,m,1.0,1.0,-0.03152085609384476,1
0.0,0.05356541114118476,dpm,m,1.0,1.0,-0.002797799805003638,1
1.0,0.1692868297735464,dpm,m,1.0,1.0,0.1018361909614896,1
1.0,0.34567162675641694,dpm,m,1.0,1.0,0.16660961381693742,1
1.0,0.34404978852445983,dpm,m,1.0,1.0,0.20647018172798284,1
1.0,0.44427338445115605,dpm,m,1.0,1.0,0.1774051842928454,0
1.0,0.43933278465195247,dpm,m,1.0,1.0,0.21212607312076612,0
1.0,0.5202452305438232,dpm,m,1.0,1.0,0.23786037895793066,0
1.0,0.5393799305858199,dpm,m,1.0,1.0,0.2821092111977364,0
0.0,0.5070570065148782,dpm,m,1.0,1.0,0.2961564595278337,0
1.0,0.6385134039540812,dpm,m,1.0,1.0,0.30442540712640176,1
0.0,0.6087820047921961,dpm,m,1.0,1.0,0.3166112246400806,1
0.0,-1.5616101340253947,dpm,m,0.0,0.0,-1.8025024409886832,0
1.0,2.17348331417232,dpm,f,0.0,1.0,1.4620780709258987,1
0.0,0.3059365900734627,dpm,f,0.0,1.0,1.4620780709258987,1
0.0,-0.3165789846261565,dpm,f,0.0,1.0,1.4620780709258987,1
0.0,-0.627836771975966,dpm,f,0.0,1.0,1.4620780709258987,1
1.0,-0.3165789846261565,dpm,f,0.0,1.0,1.4620780709258987,1
0.0,-0.49444057739747627,dpm,f,0.0,1.0,0.85752612427505,1
1.0,2.17348331417232,dpm,f,0.0,1.0,-0.351577769026647,0
0.0,0.3059365900734627,dpm,f,0.0,1.0,0.1018361909614896,0
1.0,0.6794459348932341,dpm,f,0.0,1.0,0.6847969966605219,0
0.0,0.3059365900734627,dpm,f,0.0,1.0,-0.804991729014783,0
1.0,0.3059365900734627,dpm,f,0.0,1.0,-1.0983772325365184,0
1.0,0.3059365900734627,dpm,f,0.0,1.0,-0.8288556216457376,1
0.0,0.1361596151553847,dpm,f,0.0,1.0,-1.1401237863973188,1
1.0,0.16227914975816607,dpm,f,0.0,1.0,-1.0491377074699337,1
0.0,0.03914420091648298,dpm,f,0.0,1.0,-0.9561297156774952,1
1.0,0.07249324956110552,dpm,f,0.0,1.0,-0.8956745210124105,1
0.0,-0.023630478885159272,dpm,f,0.0,1.0,-0.8196179857885938,1
0.0,-0.1090737930596167,dpm,f,0.0,1.0,-0.7483149840162662,1
0.0,-0.1855230741630788,dpm,f,0.0,1.0,-0.9561297156774952,1
0.0,-0.2543274271561946,dpm,f,0.0,1.0,-0.9720389774314647,1
0.0,-1.5616101340253947,dpm,m,2.0,2.0,1.4620780709258987,1
1.0,0.3059365900734627,dpm,m,2.0,2.0,1.4620780709258987,1
1.0,2.17348331417232,dpm,m,2.0,3.0,1.4620780709258987,0
1.0,0.3059365900734627,dpm,m,0.0,1.0,-0.714308937017156,0
1.0,0.3059365900734627,dpm,m,0.0,1.0,-0.578284749020715,0
1.0,2.17348331417232,dpm,m,3.0,3.0,1.4620780709258987,0
0.0,0.3059365900734627,dpm,m,3.0,3.0,-1.2584056890029196,1
0.0,-0.3165789846261565,dpm,m,3.0,3.0,-0.8697651518702314,1
0.0,-0.627836771975966,dpm,m,3.0,3.0,-1.2584056890029196,1
0.0,-0.8145914443858517,dpm,m,3.0,3.0,-1.0110889835548453,1
0.0,-0.9390945593257757,dpm,m,3.0,3.0,-0.804991729014783,1
0.0,-1.0280253557114354,dpm,m,3.0,3.0,-0.6306017444039613,1
0.0,-1.5616101340253947,dpm,m,0.0,0.0,1.4620780709258987,0
0.0,-1.5616101340253947,dpm,m,0.0,0.0,1.4620780709258987,1
1.0,0.3059365900734627,dpm,m,0.0,0.0,0.7819571309436942,0
0.0,0.03914420091648298,dpm,m,0.0,0.0,0.85752612427505,1
0.0,-1.5616101340253947,dpm,m,0.0,0.0,-1.2584056890029196,1
1.0,-0.3165789846261565,dpm,m,0.0,0.0,-0.351577769026647,1
0.0,-0.627836771975966,dpm,m,0.0,0.0,-0.09248407760485447,1
0.0,-0.8145914443858517,dpm,m,0.0,0.0,0.1018361909614896,1
0.0,-0.9390945593257757,dpm,m,0.0,0.0,-0.17021218503139246,0
0.0,-1.0280253557114354,dpm,m,0.0,0.0,-0.02182216176254748,1
1.0,-0.7315893677592359,dpm,m,0.0,0.0,-0.09248407760485447,1
1.0,0.9284521647730817,dpm,m,0.0,1.0,1.4620780709258987,1
0.0,0.3059365900734627,dpm,m,0.0,1.0,0.5552501509496263,0
0.0,-0.0675727547463087,dpm,m,0.0,1.0,0.6847969966605219,0
0.0,-0.3165789846261565,dpm,m,0.0,1.0,0.2529741776242018,0
0.0,-0.49444057739747627,dpm,m,0.0,1.0,0.37388456695437167,1
0.0,-0.627836771975966,dpm,m,0.0,1.0,0.4728112491336015,0
0.0,-0.7315893677592359,dpm,m,0.0,1.0,0.5552501509496263,1
0.0,-0.8145914443858517,dpm,m,0.0,1.0,0.6250061447939547,1
0.0,-0.8825022343530828,dpm,m,0.0,1.0,0.6847969966605219,1
0.0,-0.9390945593257757,dpm,m,0.0,1.0,0.7366157349448808,1
0.0,-0.9869803727642078,dpm,m,0.0,1.0,0.7819571309436942,1
0.0,-1.0280253557114354,dpm,m,0.0,1.0,0.8219642450602943,1
0.0,-1.5616101340253947,dpm,m,0.0,1.0,-0.351577769026647,0
0.0,-1.5616101340253947,dpm,m,0.0,1.0,0.1018361909614896,1
1.0,-0.627836771975966,dpm,m,0.0,1.0,0.5552501509496263,1
0.0,-0.8145914443858517,dpm,m,0.0,1.0,0.6847969966605219,1
1.0,0.9284521647730817,dpm,m,0.0,0.0,1.4620780709258987,0
0.0,0.3059365900734627,dpm,m,0.0,0.0,1.4620780709258987,0
1.0,2.17348331417232,dpm,f,2.0,3.0,1.4620780709258987,0
1.0,1.4264646245327772,dpm,f,2.0,3.0,1.4620780709258987,0
1.0,1.1063137575444015,dpm,f,2.0,3.0,1.4620780709258987,0
0.0,0.7728232710981771,dpm,f,2.0,3.0,0.1018361909614896,1
1.0,0.8152675148276964,dpm,f,2.0,3.0,-0.13820649373811175,1
0.0,0.6171943774232724,dpm,f,2.0,3.0,-0.04930179570122259,1
0.0,0.44959403038875934,dpm,f,2.0,3.0,0.030244513068625745,1
1.0,0.43043970501338646,dpm,f,2.0,3.0,0.16660961381693742,0
0.0,0.3059365900734627,dpm,f,2.0,3.0,0.2254945436855267,1
0.0,0.1960809004205887,dpm,f,2.0,3.0,0.1018361909614896,0
0.0,0.0984313985069229,dpm,f,2.0,3.0,-0.002797799805003638,1
0.0,0.011060791531537755,dpm,f,2.0,3.0,0.051456862073918676,1
1.0,0.22473890641699068,dpm,f,2.0,3.0,0.1018361909614896,1
1.0,0.3059365900734627,dpm,f,2.0,3.0,-0.008453691197786894,1
1.0,0.3059365900734627,dpm,f,2.0,3.0,0.06695819403932539,1
0.0,0.24153842717350218,dpm,f,2.0,3.0,0.002306297305557141,1
0.0,0.18143347513353889,dpm,f,2.0,3.0,-0.05633146949948849,1
0.0,0.12520626193486353,dpm,f,2.0,3.0,-0.02182216176254748,1
0.0,-1.5616101340253947,dpm,f,3.0,3.0,-0.351577769026647,1
1.0,2.17348331417232,dpm,m,0.0,0.0,-1.647046226135608,0
1.0,1.2397099521228914,dpm,m,0.0,0.0,-0.9561297156774952,0
1.0,1.1063137575444015,dpm,m,0.0,0.0,-1.077040105007665,0
0.0,0.7728232710981771,dpm,m,0.0,0.0,-1.2584056890029196,1
0.0,0.5134417816400025,dpm,m,0.0,0.0,-1.3879525347138157,0
0.0,0.3059365900734627,dpm,m,0.0,0.0,-1.6769416520688916,1
0.0,0.1361596151553847,dpm,m,0.0,0.0,-1.727454613128578,1
0.0,-0.005321197276346802,dpm,m,0.0,0.0,-1.6211368569934286,1
0.0,-1.5616101340253947,dpm,m,0.0,1.0,1.4620780709258987,0
1.0,0.6794459348932341,dpm,m,0.0,1.0,0.6847969966605219,0
1.0,0.5727289792304422,dpm,m,0.0,1.0,0.85752612427505,1
0.0,-1.5616101340253947,dpm,f,0.0,0.0,1.4620780709258987,0
1.0,0.9284521647730817,dpm,m,0.0,0.0,-0.351577769026647,1
1.0,2.17348331417232,dpm,m,0.0,0.0,1.4620780709258987,0
1.0,2.17348331417232,dpm,m,0.0,1.0,-0.351577769026647,1
0.0,0.3059365900734627,dpm,m,0.0,1.0,0.1018361909614896,1
0.0,-0.3165789846261565,dpm,m,0.0,1.0,-0.8697651518702314,1
0.0,-0.627836771975966,dpm,m,0.0,1.0,-0.578284749020715,1
1.0,0.3059365900734627,dpm,m,0.0,1.0,-0.21206578133798953,1
0.0,0.0984313985069229,dpm,m,0.0,1.0,-0.351577769026647,1
0.0,-0.0675727547463087,dpm,m,0.0,1.0,-0.458263406670914,1
0.0,-0.2033943346807711,dpm,m,0.0,1.0,-0.351577769026647,1
0.0,-0.3165789846261565,dpm,m,0.0,1.0,-0.2561221985028285,1
0.0,-0.4123506115030208,dpm,m,0.0,1.0,-0.17021218503139246,1
0.0,-0.49444057739747627,dpm,m,0.0,1.0,-0.578284749020715,1
0.0,-0.5655852145060041,dpm,m,0.0,1.0,-0.6306017444039613,1
0.0,-0.627836771975966,dpm,m,0.0,1.0,-0.5530950845769296,1
0.0,-0.682764616802403,dpm,m,0.0,1.0,-0.48112461473754264,1
1.0,-0.5786908055523119,dpm,m,0.0,1.0,-0.6813333762907459,1
1.0,-0.26244719552184176,dpm,m,0.0,1.0,-0.5424889100742833,1
0.0,-0.3165789846261565,dpm,m,0.0,1.0,-0.49108975671530386,1
0.0,-0.36638023060212593,dpm,m,0.0,1.0,-0.6106714604484389,0
1.0,-0.22764818824049654,dpm,m,0.0,1.0,-0.6216967239131961,1
0.0,-0.2736468760261826,dpm,m,0.0,1.0,-0.6476848449372664,1
1.0,-0.23625439434233456,dpm,m,0.0,1.0,-0.6306017444039613,1
0.0,-0.27767176120743026,dpm,m,0.0,1.0,-0.5911172195864172,1
0.0,-0.3165789846261565,dpm,m,0.0,1.0,-0.5530950845769296,1
1.0,2.17348331417232,dpm,m,2.0,3.0,1.4620780709258987,0
0.0,-1.5616101340253947,dpm,m,2.0,3.0,-2.1652336089791926,1
0.0,-1.5616101340253947,dpm,m,2.0,3.0,-1.9385266289851242,1
0.0,-1.5616101340253947,dpm,m,2.0,3.0,-1.560681662328344,1
0.0,-1.5616101340253947,dpm,m,0.0,1.0,-1.2584056890029196,0
0.0,-1.5616101340253947,dpm,m,1.0,1.0,-2.1652336089791926,0
0.0,-1.5616101340253947,dpm,m,1.0,1.0,-1.9385266289851242,0
0.0,-1.5616101340253947,dpm,m,1.0,1.0,-1.560681662328344,0
0.0,-1.5616101340253947,dpm,m,1.0,1.0,-1.2584056890029196,0
0.0,-1.5616101340253947,dpm,m,1.0,1.0,-1.0110889835548453,0
1.0,-1.0280253557114354,dpm,m,1.0,1.0,-1.077040105007665,1
0.0,-1.0947234530006804,dpm,m,1.0,1.0,-0.9183452190118173,0
1.0,-0.8145914443858517,dpm,m,1.0,1.0,-0.6538537423520708,0
0.0,-0.8825022343530828,dpm,m,1.0,1.0,-0.5424889100742833,0
1.0,-0.6996654921336143,dpm,m,1.0,1.0,-0.351577769026647,0
0.0,-0.7612329665544558,dpm,m,1.0,1.0,-0.43043237076371393,0
0.0,-0.8145914443858517,dpm,m,1.0,1.0,-0.6306017444039613,0
0.0,-0.8612801124883231,dpm,m,1.0,1.0,-0.5530950845769296,0
1.0,0.3059365900734627,dpm,f,0.0,1.0,1.4620780709258987,0
0.0,-0.3165789846261565,dpm,f,0.0,1.0,1.4620780709258987,1
0.0,-0.627836771975966,dpm,f,0.0,1.0,1.4620780709258987,1
1.0,2.17348331417232,dpm,m,1.0,1.0,1.4620780709258987,0
0.0,0.3059365900734627,dpm,m,1.0,1.0,1.4620780709258987,1
0.0,-0.3165789846261565,dpm,m,1.0,1.0,1.4620780709258987,1
0.0,-0.627836771975966,dpm,m,1.0,1.0,1.4620780709258987,1
0.0,-0.8145914443858517,dpm,m,1.0,1.0,1.4620780709258987,1
0.0,-0.9390945593257757,dpm,m,1.0,1.0,0.7819571309436942,1
0.0,-1.0280253557114354,dpm,m,1.0,1.0,0.85752612427505,1
0.0,-1.0947234530006804,dpm,m,1.0,1.0,0.1018361909614896,1
0.0,-1.1465997508923154,dpm,m,1.0,1.0,0.20647018172798284,1
1.0,1.6398985358583607,dpm,f,1.0,1.0,1.4620780709258987,1
1.0,1.3434625479061613,dpm,f,1.0,1.0,1.4620780709258987,0
1.0,1.2397099521228914,dpm,f,1.0,1.0,1.4620780709258987,1
0.0,1.0242237916499461,dpm,f,1.0,1.0,1.4620780709258987,1
0.0,0.8395213683874221,dpm,f,1.0,1.0,1.1220176009347964,1
0.0,0.6794459348932341,dpm,f,1.0,1.0,1.1420211579930966,0
1.0,2.17348331417232,dpm,m,2.0,3.0,-1.8025024409886832,1
0.0,0.3059365900734627,dpm,m,2.0,3.0,-1.647046226135608,1
0.0,-0.3165789846261565,dpm,m,2.0,3.0,-1.560681662328344,1
0.0,-0.627836771975966,dpm,m,2.0,3.0,-1.2584056890029196,1
0.0,-0.8145914443858517,dpm,m,2.0,3.0,-1.0110889835548453,1
0.0,-0.9390945593257757,dpm,m,2.0,3.0,-0.804991729014783,1
0.0,-1.5616101340253947,dpm,f,1.0,1.0,1.4620780709258987,1
0.0,-1.5616101340253947,dpm,f,1.0,1.0,-0.714308937017156,1
0.0,-1.5616101340253947,dpm,f,1.0,1.0,-0.351577769026647,1
1.0,-0.3165789846261565,dpm,f,1.0,1.0,0.2529741776242018,1
0.0,-0.49444057739747627,dpm,f,1.0,1.0,-0.02182216176254748,1
1.0,-0.3165789846261565,dpm,f,1.0,1.0,-0.09248407760485447,1
0.0,-0.4410820995660803,dpm,f,1.0,1.0,0.011153398963862048,1
1.0,1.4264646245327772,dpm,f,0.0,1.0,1.4620780709258987,1
1.0,1.1063137575444015,dpm,f,0.0,1.0,1.4620780709258987,1
0.0,0.7728232710981771,dpm,f,0.0,1.0,1.4620780709258987,0
1.0,1.2397099521228914,dpm,m,1.0,2.0,0.5552501509496263,0
0.0,-1.5616101340253947,dpm,m,1.0,1.0,-1.8025024409886832,1
0.0,-1.5616101340253947,dpm,m,1.0,1.0,-1.2584056890029196,1
0.0,-1.5616101340253947,dpm,m,1.0,1.0,-0.8697651518702314,1
0.0,-1.5616101340253947,dpm,m,1.0,1.0,-0.578284749020715,1
0.0,-1.5616101340253947,dpm,m,1.0,1.0,-0.351577769026647,1
0.0,-1.5616101340253947,dpm,m,1.0,1.0,-0.17021218503139246,1
0.0,-1.5616101340253947,dpm,m,1.0,1.0,-0.02182216176254748,1
1.0,2.17348331417232,dpm,m,1.0,1.0,1.4620780709258987,0
0.0,0.3059365900734627,dpm,m,1.0,1.0,0.1018361909614896,1
0.0,-0.3165789846261565,dpm,m,1.0,1.0,-0.8697651518702314,1
0.0,-0.627836771975966,dpm,m,1.0,1.0,-0.9561297156774952,1
0.0,-0.8145914443858517,dpm,m,1.0,1.0,-0.714308937017156,0
1.0,0.3059365900734627,dpm,m,0.0,1.0,0.1018361909614896,1
1.0,0.6794459348932341,dpm,m,0.0,1.0,0.6847969966605219,1
0.0,0.3059365900734627,dpm,m,0.0,1.0,0.7819571309436942,1
0.0,0.03914420091648298,dpm,m,0.0,1.0,0.85752612427505,0
1.0,0.3059365900734627,dpm,m,0.0,1.0,0.6250061447939547,0
0.0,0.1361596151553847,dpm,m,0.0,1.0,0.6847969966605219,0
0.0,-0.005321197276346802,dpm,m,0.0,1.0,0.7366157349448808,1
1.0,0.3059365900734627,dpm,m,0.0,1.0,0.8893446477829897,1
1.0,0.3059365900734627,dpm,f,3.0,3.0,-1.2584056890029196,1
0.0,-0.3165789846261565,dpm,f,3.0,3.0,-1.560681662328344,1
0.0,-0.627836771975966,dpm,f,3.0,3.0,-1.8862096336018777,1
0.0,-0.8145914443858517,dpm,f,3.0,3.0,-2.260689179503011,1
0.0,-0.9390945593257757,dpm,f,3.0,3.0,-2.0745508169815654,0
1.0,-0.0675727547463087,dpm,f,3.0,3.0,-1.5848637401943777,1
0.0,-1.5616101340253947,dpm,m,2.0,1.0,-2.424327300400985,0
0.0,-1.5616101340253947,dpm,m,2.0,1.0,-2.346599192974447,0
0.0,-1.5616101340253947,dpm,m,2.0,1.0,-2.0003558053471426,0
0.0,-1.5616101340253947,dpm,m,2.0,1.0,-1.8862096336018777,1
1.0,-0.9390945593257757,dpm,m,2.0,1.0,-1.598466158994022,1
0.0,-1.0280253557114354,dpm,m,2.0,1.0,-1.9061399175574003,1
0.0,-1.0947234530006804,dpm,m,2.0,1.0,-1.8498152020309235,1
1.0,0.3059365900734627,dpm,m,1.0,1.0,-1.647046226135608,1
0.0,-0.3165789846261565,dpm,m,1.0,1.0,-1.2584056890029196,1
0.0,-0.627836771975966,dpm,m,1.0,1.0,-0.9561297156774952,1
1.0,-0.3165789846261565,dpm,m,1.0,1.0,-1.2584056890029196,1
1.0,0.3059365900734627,dpm,m,1.0,1.0,1.4620780709258987,1
0.0,-0.3165789846261565,dpm,m,1.0,1.0,1.4620780709258987,1
0.0,-0.627836771975966,dpm,m,1.0,1.0,0.5552501509496263,1
0.0,-0.8145914443858517,dpm,m,1.0,1.0,0.6847969966605219,1
1.0,-0.49444057739747627,dpm,m,1.0,1.0,0.85752612427505,1
0.0,-0.627836771975966,dpm,m,1.0,1.0,0.9179813189401352,1
0.0,-0.7315893677592359,dpm,m,1.0,1.0,0.9674446600297498,1
0.0,-0.8145914443858517,dpm,m,1.0,1.0,1.0086641109377623,1
1.0,-0.627836771975966,dpm,m,1.0,1.0,1.0734375337932107,1
0.0,-0.6996654921336143,dpm,m,1.0,1.0,1.0993469029353897,1
0.0,-0.7612329665544558,dpm,m,1.0,1.0,1.1220176009347964,1
0.0,-0.8145914443858517,dpm,m,1.0,1.0,1.1420211579930966,1
1.0,-0.682764616802403,dpm,m,1.0,1.0,0.279259044869891,0
0.0,-0.7315893677592359,dpm,m,1.0,1.0,-0.002797799805003638,1
1.0,-0.627836771975966,dpm,m,1.0,1.0,-0.03887848627620787,1
1.0,-0.5429482845169271,dpm,m,1.0,1.0,-0.06819404403406154,1
0.0,-0.58723793014773,dpm,m,1.0,1.0,-0.24794029245792987,1
1.0,-0.5157839685300345,dpm,m,1.0,1.0,-0.2561221985028285,1
1.0,-0.4549157790038496,dpm,m,1.0,1.0,-0.351577769026647,1
1.0,-0.4024432018261039,dpm,m,1.0,1.0,-0.578284749020715,1
1.0,-0.35674127976806735,dpm,m,1.0,1.0,-0.4966702362228504,1
0.0,-0.39439343146360883,dpm,m,1.0,1.0,-0.6538537423520708,1
0.0,-0.4297636345715417,dpm,m,1.0,1.0,-0.6153822548379262,1
1.0,-0.38772362173468433,dpm,m,1.0,1.0,-0.5424889100742833,0
0.0,-0.4203315804094262,dpm,m,1.0,1.0,-0.507927410401866,1
0.0,-0.45117694672337133,dpm,m,1.0,1.0,-0.5329433530219015,1
0.0,-0.48039887270500353,dpm,m,1.0,1.0,-0.5563453638599988,1
1.0,-0.37731221142611926,dpm,m,1.0,1.0,-0.5164555726586965,1
1.0,-0.3455331974028828,dpm,m,1.0,1.0,-0.5588527221640807,1
1.0,-0.2106188868049446,dpm,m,1.0,1.0,-0.4966702362228504,1
0.0,-1.5616101340253947,dpm,f,1.0,1.0,1.4620780709258987,1
0.0,-1.5616101340253947,dpm,f,1.0,1.0,-0.714308937017156,1
1.0,-0.627836771975966,dpm,f,1.0,1.0,-1.2584056890029196,1
1.0,2.17348331417232,dpm,m,2.0,3.0,1.4620780709258987,1
1.0,1.833929364336164,dpm,m,2.0,3.0,1.4620780709258987,0
1.0,1.6398985358583607,dpm,m,2.0,3.0,1.4620780709258987,1
0.0,1.4264646245327772,dpm,m,2.0,3.0,1.4620780709258987,0
0.0,-1.5616101340253947,dpm,f,0.0,1.0,1.4620780709258987,1
1.0,-0.3165789846261565,dpm,f,0.0,1.0,1.4620780709258987,1
0.0,-0.627836771975966,dpm,f,0.0,1.0,1.4620780709258987,0
1.0,2.17348331417232,dpm,m,2.0,3.0,1.4620780709258987,1
0.0,-1.5616101340253947,dpm,f,1.0,1.0,1.4620780709258987,1
0.0,-1.5616101340253947,dpm,f,1.0,1.0,1.4620780709258987,1
0.0,-1.5616101340253947,dpm,m,1.0,2.0,-2.424327300400985,0
0.0,-1.5616101340253947,dpm,m,1.0,2.0,-1.9385266289851242,0
0.0,-1.5616101340253947,dpm,m,1.0,2.0,-1.560681662328344,0
1.0,0.9284521647730817,dpm,m,0.0,1.0,0.37388456695437167,1
1.0,0.6794459348932341,dpm,m,0.0,1.0,0.6847969966605219,1
0.0,0.3059365900734627,dpm,m,0.0,1.0,0.7819571309436942,1
0.0,0.03914420091648298,dpm,m,0.0,1.0,-0.02182216176254748,1
0.0,-0.16095009095125165,dpm,m,0.0,1.0,-0.48112461473754264,1
1.0,0.1361596151553847,dpm,m,0.0,1.0,-1.4676736705359055,1
1.0,0.16227914975816607,dpm,m,0.0,1.0,-1.4397712729981742,0
1.0,0.3059365900734627,dpm,m,1.0,2.0,-0.714308937017156,1
0.0,-0.3165789846261565,dpm,m,1.0,2.0,-0.8697651518702314,1
0.0,-0.627836771975966,dpm,m,1.0,2.0,-0.9561297156774952,1
0.0,-0.8145914443858517,dpm,m,1.0,2.0,-0.714308937017156,1
1.0,2.17348331417232,dpm,m,2.0,4.0,1.4620780709258987,0
0.0,1.2397099521228914,dpm,m,2.0,4.0,0.5552501509496263,0
1.0,1.3434625479061613,dpm,m,2.0,4.0,0.5552501509496263,1
0.0,1.0529552797130055,dpm,m,2.0,4.0,0.6250061447939547,1
1.0,0.9284521647730817,dpm,m,2.0,4.0,0.7366157349448808,0
1.0,2.17348331417232,dpm,f,0.0,1.0,1.4620780709258987,1
0.0,0.3059365900734627,dpm,f,0.0,1.0,1.4620780709258987,0
1.0,0.9284521647730817,dpm,m,1.0,1.0,1.4620780709258987,0
1.0,0.6794459348932341,dpm,m,1.0,1.0,1.4620780709258987,1
1.0,0.7728232710981771,dpm,m,1.0,1.0,1.4620780709258987,0
0.0,0.5134417816400025,dpm,m,1.0,1.0,1.4620780709258987,0
1.0,0.4757135649915405,dpm,m,1.0,1.0,1.4620780709258987,1
1.0,0.44959403038875934,dpm,m,1.0,1.0,1.4620780709258987,1
0.0,0.3059365900734627,dpm,m,1.0,1.0,1.4620780709258987,0
0.0,0.18143347513353889,dpm,m,1.0,1.0,1.4620780709258987,1
0.0,0.07249324956110552,dpm,m,1.0,1.0,1.4620780709258987,1
1.0,0.4757135649915405,dpm,m,1.0,1.0,1.4620780709258987,1
0.0,0.3871342737299347,dpm,m,1.0,1.0,1.4620780709258987,1
1.0,0.44959403038875934,dpm,m,1.0,1.0,1.4620780709258987,0
1.0,0.49913107877334445,dpm,m,1.0,1.0,1.4620780709258987,1
0.0,-1.5616101340253947,dpm,f,0.0,1.0,-0.351577769026647,1
0.0,-1.5616101340253947,dpm,m,1.0,2.0,1.4620780709258987,0
0.0,-1.5616101340253947,dpm,f,3.0,4.0,-2.424327300400985,1
0.0,-1.5616101340253947,dpm,f,3.0,4.0,-1.9385266289851242,1
0.0,-1.5616101340253947,dpm,f,3.0,4.0,-1.560681662328344,1
1.0,0.3059365900734627,dpm,f,3.0,4.0,-0.9183452190118173,1
1.0,0.3059365900734627,dpm,f,3.0,4.0,-0.6538537423520708,0
1.0,0.3059365900734627,dpm,f,3.0,4.0,-0.44226056102427397,0
1.0,0.7973962543100039,dpm,f,3.0,4.0,0.051456862073918676,1
0.0,0.6794459348932341,dpm,f,3.0,4.0,0.1018361909614896,0
1.0,0.6454905399096187,dpm,f,3.0,4.0,-0.06819404403406154,0
0.0,0.5495296410428787,dpm,f,3.0,4.0,-0.02182216176254748,1
1.0,0.5300421969653257,dpm,f,3.0,4.0,-0.04930179570122259,1
0.0,0.44959403038875934,dpm,f,3.0,4.0,-0.008453691197786894,1
1.0,0.49913107877334445,dpm,f,3.0,4.0,0.1018361909614896,1
1.0,0.48666691821206165,dpm,f,3.0,4.0,0.16660961381693742,0
0.0,0.42265826032964127,dpm,f,3.0,4.0,0.1018361909614896,1
1.0,0.4157922797263367,dpm,f,3.0,4.0,0.16097714226429027,1
0.0,0.35929506790485843,dpm,f,3.0,4.0,0.1018361909614896,0
0.0,0.3059365900734627,dpm,f,3.0,4.0,0.12959622932810994,1
0.0,0.2554623542870072,dpm,f,3.0,4.0,-0.002797799805003638,1
1.0,0.3059365900734627,dpm,f,3.0,4.0,0.004676056678317265,1
0.0,0.2603866699734905,dpm,f,3.0,4.0,0.030244513068625745,1
1.0,0.2625052709083729,dpm,f,3.0,4.0,0.07878124384344884,1
1.0,0.3837510369109152,dpm,f,3.0,4.0,0.00032560290444415605,0
0.0,0.34404978852445983,dpm,f,3.0,4.0,-0.036159362078378,1
1.0,0.3777653102311112,dpm,f,3.0,4.0,0.026267197630133812,1
1.0,0.43933278465195247,dpm,f,3.0,4.0,0.1018361909614896,1
1.0,0.5202452305438232,dpm,f,3.0,4.0,0.18580173910744055,0
1.0,0.5393799305858199,dpm,f,3.0,4.0,0.23138303667238586,0
0.0,0.5070570065148782,dpm,f,3.0,4.0,0.24586180178125067,0
1.0,0.501053411994239,dpm,f,3.0,4.0,0.27382079647423124,1
1.0,0.49539785193856417,dpm,f,3.0,4.0,0.2529741776242018,1
0.0,0.4660120235676503,dpm,f,3.0,4.0,0.26626103359455006,1
1.0,0.4615654837483673,dpm,f,3.0,4.0,0.2919775290210305,1
0.0,-1.5616101340253947,dpm,f,1.0,1.0,-0.351577769026647,0
0.0,-1.5616101340253947,dpm,f,1.0,1.0,-2.1652336089791926,1
1.0,2.17348331417232,dpm,f,1.0,2.0,-0.9561297156774952,0
0.0,1.4264646245327772,dpm,f,1.0,2.0,-1.0110889835548453,0
0.0,0.9284521647730817,dpm,f,1.0,2.0,-0.804991729014783,0
1.0,2.17348331417232,dpm,f,1.0,1.0,1.4620780709258987,1
1.0,0.9284521647730817,dpm,f,1.0,1.0,1.4620780709258987,1
1.0,2.17348331417232,dpm,m,1.0,1.0,1.4620780709258987,1
0.0,0.3059365900734627,dpm,m,1.0,1.0,1.4620780709258987,1
0.0,-0.3165789846261565,dpm,m,1.0,1.0,1.4620780709258987,1
1.0,2.17348331417232,dpm,m,1.0,1.0,0.37388456695437167,1
1.0,1.6398985358583607,dpm,f,0.0,1.0,1.4620780709258987,1
0.0,1.2397099521228914,dpm,f,0.0,1.0,1.4620780709258987,1
0.0,-1.5616101340253947,dpm,m,2.0,3.0,-2.424327300400985,0
1.0,2.17348331417232,dpm,f,0.0,0.0,1.4620780709258987,1
0.0,1.550967739472701,dpm,f,0.0,0.0,1.4620780709258987,1
1.0,1.5988535529111332,dpm,f,0.0,0.0,0.7819571309436942,0
0.0,-1.5616101340253947,dpm,f,1.0,1.0,-0.351577769026647,1
0.0,-1.5616101340253947,dpm,f,1.0,1.0,-0.714308937017156,1
0.0,-1.5616101340253947,dpm,f,1.0,1.0,-0.351577769026647,1
0.0,-1.5616101340253947,dpm,f,1.0,1.0,-0.578284749020715,1
1.0,2.17348331417232,dpm,f,1.0,2.0,1.4620780709258987,0
0.0,0.3059365900734627,dpm,f,1.0,2.0,0.1018361909614896,1
0.0,-0.3165789846261565,dpm,f,1.0,2.0,0.37388456695437167,0
0.0,-0.627836771975966,dpm,f,1.0,2.0,0.5552501509496263,0
1.0,0.03914420091648298,dpm,f,1.0,2.0,0.37388456695437167,1
1.0,0.0984313985069229,dpm,f,1.0,2.0,0.5552501509496263,0
1.0,0.3059365900734627,dpm,f,1.0,2.0,0.7366157349448808,1
0.0,0.16227914975816607,dpm,f,1.0,2.0,0.7819571309436942,1
1.0,2.17348331417232,dpm,f,1.0,1.0,-0.351577769026647,1
0.0,0.3059365900734627,dpm,f,1.0,1.0,0.1018361909614896,0
1.0,1.7584729310392404,dpm,f,2.0,3.0,-1.1152223332171924,0
1.0,1.833929364336164,dpm,m,2.0,3.0,1.043542107859927,0
1.0,1.5988535529111332,dpm,m,2.0,3.0,1.0993469029353897,0
0.0,1.3731061467013812,dpm,m,2.0,3.0,1.1220176009347964,0
0.0,1.1774583946529293,dpm,m,2.0,3.0,1.1420211579930966,0
0.0,1.006266611610534,dpm,m,2.0,3.0,1.1598020976004744,0
1.0,0.9939801200046208,dpm,m,2.0,3.0,1.2029843795041062,0
0.0,0.86620060730312,dpm,m,2.0,3.0,1.2147613654778247,0
0.0,0.7505905720017622,dpm,m,2.0,3.0,1.2255142657146973,1
1.0,0.7119250083558232,dpm,m,2.0,3.0,1.043542107859927,1
0.0,-1.5616101340253947,dpm,m,3.0,4.0,-1.8025024409886832,0
0.0,-1.5616101340253947,dpm,m,1.0,2.0,1.4620780709258987,0
1.0,2.17348331417232,dpm,m,1.0,1.0,-1.8025024409886832,1
1.0,0.9284521647730817,dpm,m,1.0,1.0,-2.0003558053471426,1
0.0,0.3059365900734627,dpm,m,1.0,1.0,-1.8862096336018777,0
0.0,-0.0675727547463087,dpm,m,1.0,1.0,-1.9385266289851242,0
0.0,-0.3165789846261565,dpm,m,1.0,1.0,-1.862957635653768,1
1.0,0.0984313985069229,dpm,m,1.0,1.0,-1.711819648991056,1
0.0,-0.0675727547463087,dpm,m,1.0,1.0,-1.5848637401943777,1
0.0,-0.2033943346807711,dpm,m,1.0,1.0,-1.4676736705359055,1
0.0,-0.3165789846261565,dpm,m,1.0,1.0,-1.3591643467780612,1
0.0,-0.4123506115030208,dpm,m,1.0,1.0,-1.3522154738280512,1
0.0,-0.49444057739747627,dpm,m,1.0,1.0,-1.2584056890029196,0
1.0,-0.39439343146360883,dpm,m,1.0,1.0,-1.0883754540073685,0
0.0,-0.463053237496655,dpm,m,1.0,1.0,-1.0983772325365184,1
0.0,-0.5240841761926961,dpm,m,1.0,1.0,-1.0252213667233068,0
0.0,-0.5786908055523119,dpm,m,1.0,1.0,-1.0378259246843666,0
0.0,-0.627836771975966,dpm,m,1.0,1.0,-0.9720389774314647,1
0.0,-0.672302170168796,dpm,m,1.0,1.0,-0.9863573130100375,1
1.0,2.17348331417232,dpm,m,0.0,0.0,1.4620780709258987,1
0.0,0.3059365900734627,dpm,m,0.0,0.0,1.4620780709258987,0
1.0,0.6794459348932341,dpm,m,0.0,0.0,0.6847969966605219,1
1.0,0.7728232710981771,dpm,m,0.0,0.0,0.4728112491336015,0
0.0,0.5134417816400025,dpm,m,0.0,0.0,0.5552501509496263,1
1.0,2.17348331417232,dpm,f,1.0,2.0,-0.714308937017156,1
1.0,1.550967739472701,dpm,f,1.0,2.0,-0.17021218503139246,0
0.0,1.1063137575444015,dpm,f,1.0,2.0,-0.02182216176254748,0
1.0,1.4264646245327772,dpm,m,1.0,2.0,0.1018361909614896,0
0.0,0.9284521647730817,dpm,m,1.0,2.0,0.2529741776242018,0
0.0,0.5727289792304422,dpm,m,1.0,2.0,0.37388456695437167,0
1.0,0.5134417816400025,dpm,m,1.0,2.0,0.5552501509496263,1
1.0,0.4757135649915405,dpm,m,1.0,2.0,0.6847969966605219,1
0.0,0.3059365900734627,dpm,m,1.0,2.0,0.7366157349448808,0
0.0,0.16227914975816607,dpm,m,1.0,2.0,0.7819571309436942,0
0.0,0.03914420091648298,dpm,m,1.0,2.0,0.8219642450602943,1
0.0,-0.0675727547463087,dpm,m,1.0,2.0,0.85752612427505,1
1.0,0.5495296410428787,dpm,m,1.0,2.0,0.6847969966605219,0
0.0,0.4615654837483673,dpm,m,1.0,2.0,0.7115997923248452,0
0.0,0.38063845903741705,dpm,m,1.0,2.0,0.7366157349448808,0
1.0,0.3751049872623092,dpm,m,1.0,2.0,0.5019073321274921,1
0.0,0.3059365900734627,dpm,m,1.0,2.0,0.529340781807447,1
0.0,0.24153842717350218,dpm,m,1.0,2.0,0.5552501509496263,1
0.0,0.18143347513353889,dpm,m,1.0,2.0,0.5797590136516874,1
1.0,0.3059365900734627,dpm,m,1.0,1.0,1.4620780709258987,0
1.0,0.3059365900734627,dpm,m,1.0,1.0,0.5552501509496263,0
1.0,0.5727289792304422,dpm,m,1.0,1.0,-0.8697651518702314,1
0.0,0.3059365900734627,dpm,m,1.0,1.0,-0.714308937017156,1
0.0,-1.5616101340253947,dpm,f,0.0,0.0,-0.351577769026647,1
0.0,-1.5616101340253947,dpm,f,0.0,0.0,0.1018361909614896,1
0.0,-1.5616101340253947,dpm,f,0.0,0.0,0.37388456695437167,1
1.0,-0.8145914443858517,dpm,f,0.0,0.0,0.6847969966605219,1
1.0,2.17348331417232,dpm,m,1.0,1.0,1.4620780709258987,0
0.0,1.6398985358583607,dpm,m,1.0,1.0,1.4620780709258987,0
0.0,-1.5616101340253947,dpm,m,1.0,1.0,-2.1652336089791926,1
0.0,-1.5616101340253947,dpm,m,1.0,1.0,-1.647046226135608,1
0.0,-1.5616101340253947,dpm,m,1.0,1.0,-1.2584056890029196,1
0.0,-1.5616101340253947,dpm,m,1.0,1.0,-0.9561297156774952,1
0.0,-1.5616101340253947,dpm,m,1.0,1.0,-1.0110889835548453,1
0.0,-1.5616101340253947,dpm,m,1.0,1.0,-0.804991729014783,1
1.0,2.17348331417232,dpm,f,1.0,1.0,1.4620780709258987,1
0.0,0.3059365900734627,dpm,f,1.0,1.0,1.4620780709258987,1
0.0,-0.3165789846261565,dpm,f,1.0,1.0,-0.351577769026647,1
0.0,-0.627836771975966,dpm,f,1.0,1.0,-0.578284749020715,0
0.0,-0.8145914443858517,dpm,f,1.0,1.0,-0.714308937017156,0
1.0,-0.49444057739747627,dpm,f,1.0,1.0,-0.6306017444039613,0
0.0,-0.627836771975966,dpm,f,1.0,1.0,-0.48112461473754264,0
1.0,-0.4410820995660803,dpm,f,1.0,1.0,-0.8288556216457376,1
0.0,-0.5429482845169271,dpm,f,1.0,1.0,-0.714308937017156,1
1.0,-0.4123506115030208,dpm,f,1.0,1.0,-0.804991729014783,1
0.0,-0.49444057739747627,dpm,f,1.0,1.0,-0.8398697259369478,1
1.0,2.17348331417232,dpm,m,1.0,1.0,1.4620780709258987,1
1.0,2.17348331417232,dpm,m,1.0,1.0,1.4620780709258987,0
0.0,1.2397099521228914,dpm,m,1.0,1.0,1.4620780709258987,0
1.0,1.1063137575444015,dpm,m,1.0,1.0,0.37388456695437167,0
1.0,1.1548214646638524,dpm,m,1.0,1.0,0.6847969966605219,1
1.0,1.2397099521228914,dpm,m,1.0,1.0,0.6459329429472531,1
1.0,0.3059365900734627,dpm,m,3.0,3.0,-0.714308937017156,1
1.0,0.9284521647730817,dpm,m,3.0,3.0,0.2529741776242018,1
1.0,1.1548214646638524,dpm,m,3.0,3.0,0.6847969966605219,1
0.0,0.9284521647730817,dpm,m,3.0,3.0,0.7366157349448808,1
0.0,0.736908911019353,dpm,m,3.0,3.0,0.7819571309436942,0
1.0,0.6794459348932341,dpm,m,3.0,3.0,0.37388456695437167,1
0.0,0.5393799305858199,dpm,m,3.0,3.0,0.42570330523872996,1
1.0,2.17348331417232,dpm,m,2.0,2.0,0.37388456695437167,1
0.0,1.2397099521228914,dpm,m,2.0,2.0,0.5552501509496263,1
1.0,0.9284521647730817,dpm,m,2.0,2.0,0.7819571309436942,0
0.0,0.5727289792304422,dpm,m,2.0,2.0,0.85752612427505,1
0.0,0.3059365900734627,dpm,m,2.0,2.0,0.4728112491336015,0
0.0,0.0984313985069229,dpm,m,2.0,2.0,0.5552501509496263,1
0.0,-0.0675727547463087,dpm,m,2.0,2.0,0.6250061447939547,1
0.0,-0.2033943346807711,dpm,m,2.0,2.0,0.1018361909614896,0
1.0,-0.1250357308724274,dpm,m,2.0,2.0,0.2529741776242018,1
0.0,-0.22764818824049654,dpm,m,2.0,2.0,0.3166112246400806,0
0.0,-0.3165789846261565,dpm,m,2.0,2.0,0.16660961381693742,1
1.0,-0.24334185819090703,dpm,m,2.0,2.0,0.279259044869891,1
0.0,-0.3165789846261565,dpm,m,2.0,2.0,0.32854317095555763,1
1.0,-0.13871739185483675,dpm,m,2.0,2.0,0.011153398963862048,0
0.0,-0.2033943346807711,dpm,m,2.0,2.0,-0.18669996539459693,1
0.0,-0.26244719552184176,dpm,m,2.0,2.0,-0.24794029245792987,0
0.0,-0.3165789846261565,dpm,m,2.0,2.0,-0.30256004362252403,0
0.0,-0.36638023060212593,dpm,m,2.0,2.0,-0.2561221985028285,1
1.0,-0.3165789846261565,dpm,m,2.0,2.0,-0.2631067524435955,1
0.0,-1.5616101340253947,dpm,f,1.0,2.0,1.4620780709258987,0
0.0,-1.5616101340253947,dpm,f,1.0,2.0,1.4620780709258987,1
0.0,-1.5616101340253947,dpm,f,1.0,2.0,1.4620780709258987,0
0.0,-1.5616101340253947,dpm,f,1.0,1.0,-1.2584056890029196,1
0.0,-1.5616101340253947,dpm,f,1.0,1.0,-0.714308937017156,1
0.0,-1.5616101340253947,dpm,f,1.0,1.0,-0.8697651518702314,1
0.0,-1.5616101340253947,dpm,f,1.0,1.0,-0.578284749020715,1
1.0,0.9284521647730817,dpm,m,1.0,1.0,1.4620780709258987,1
0.0,0.3059365900734627,dpm,m,1.0,1.0,1.4620780709258987,1
0.0,-0.0675727547463087,dpm,m,1.0,1.0,1.4620780709258987,1
1.0,0.03914420091648298,dpm,m,1.0,1.0,1.4620780709258987,1
0.0,-0.16095009095125165,dpm,m,1.0,1.0,1.4620780709258987,1
0.0,-0.3165789846261565,dpm,m,1.0,1.0,1.4620780709258987,1
0.0,-0.4410820995660803,dpm,m,1.0,1.0,1.0086641109377623,1
1.0,-0.3165789846261565,dpm,m,1.0,1.0,-0.2561221985028285,0
0.0,-0.4123506115030208,dpm,m,1.0,1.0,-0.5164555726586965,0
1.0,-0.3165789846261565,dpm,m,1.0,1.0,-0.7546124001272126,1
0.0,-0.39439343146360883,dpm,m,1.0,1.0,-1.1759667871868948,0
1.0,-0.3165789846261565,dpm,m,1.0,1.0,-1.0252213667233068,1
0.0,-0.38210693985769534,dpm,m,1.0,1.0,-1.1886496951585912,1
1.0,-0.3165789846261565,dpm,m,1.0,1.0,-1.1288588432920232,1
1.0,2.17348331417232,dpm,m,1.0,2.0,1.4620780709258987,0
0.0,0.3059365900734627,dpm,m,1.0,2.0,1.4620780709258987,1
1.0,0.3059365900734627,dpm,m,1.0,2.0,0.5552501509496263,1
1.0,0.5727289792304422,dpm,m,1.0,2.0,-1.077040105007665,0
1.0,0.5134417816400025,dpm,m,1.0,2.0,-1.2584056890029196,1
0.0,0.3059365900734627,dpm,m,1.0,2.0,-1.2584056890029196,0
0.0,0.1361596151553847,dpm,m,1.0,2.0,-1.1401237863973188,0
0.0,-0.005321197276346802,dpm,m,1.0,2.0,-1.0316987090088516,1
0.0,-0.1250357308724274,dpm,m,1.0,2.0,-1.0491377074699337,1
0.0,-0.22764818824049654,dpm,m,1.0,2.0,-1.1645959041777878,1
0.0,-0.3165789846261565,dpm,m,1.0,2.0,-1.1706481483600546,1
0.0,-0.39439343146360883,dpm,m,1.0,2.0,-1.0883754540073685,1
0.0,-1.5616101340253947,dpm,f,1.0,3.0,-0.351577769026647,1
1.0,-0.3165789846261565,dpm,f,1.0,3.0,-0.351577769026647,1
0.0,-0.627836771975966,dpm,f,1.0,3.0,-0.09248407760485447,1
1.0,0.9284521647730817,dpm,f,1.0,2.0,1.4620780709258987,0
0.0,0.3059365900734627,dpm,f,1.0,2.0,1.4620780709258987,1
0.0,-0.0675727547463087,dpm,f,1.0,2.0,1.4620780709258987,1
0.0,-1.5616101340253947,dpm,f,1.0,3.0,-1.2584056890029196,1
1.0,0.3059365900734627,dpm,f,1.0,3.0,-2.547055891074465,1
0.0,-1.5616101340253947,dpm,m,1.0,1.0,1.4620780709258987,0
0.0,-1.5616101340253947,dpm,m,1.0,1.0,1.4620780709258987,0
1.0,-0.627836771975966,dpm,m,1.0,1.0,0.5552501509496263,1
1.0,0.03914420091648298,dpm,m,1.0,1.0,0.37388456695437167,1
1.0,0.3059365900734627,dpm,m,1.0,1.0,0.6250061447939547,1
0.0,0.1361596151553847,dpm,m,1.0,1.0,0.1018361909614896,1
0.0,-0.005321197276346802,dpm,m,1.0,1.0,0.18185041919468986,1
0.0,-0.1250357308724274,dpm,m,1.0,1.0,0.030244513068625745,1
0.0,-0.22764818824049654,dpm,m,1.0,1.0,0.1018361909614896,1
0.0,-1.5616101340253947,dpm,m,1.0,2.0,-0.351577769026647,1
1.0,-0.3165789846261565,dpm,m,1.0,2.0,-0.8697651518702314,1
0.0,-0.627836771975966,dpm,m,1.0,2.0,-0.578284749020715,1
0.0,-0.8145914443858517,dpm,m,1.0,2.0,-1.0110889835548453,0
1.0,2.17348331417232,dpm,m,1.0,1.0,-1.8025024409886832,0
1.0,0.3059365900734627,dpm,m,0.0,0.0,1.4620780709258987,1
1.0,0.3059365900734627,dpm,m,0.0,0.0,1.4620780709258987,1
1.0,0.3059365900734627,dpm,m,0.0,0.0,1.4620780709258987,1
1.0,0.8152675148276964,dpm,m,0.0,0.0,0.6847969966605219,0
0.0,0.6171943774232724,dpm,m,0.0,0.0,0.4418966609525919,1
0.0,0.44959403038875934,dpm,m,0.0,0.0,0.5019073321274921,1
1.0,0.43043970501338646,dpm,m,0.0,0.0,0.37388456695437167,0
0.0,0.3059365900734627,dpm,m,0.0,0.0,0.42570330523872996,0
0.0,-1.5616101340253947,dpm,f,1.0,2.0,1.4620780709258987,1
0.0,-1.5616101340253947,dpm,f,1.0,2.0,1.4620780709258987,1
0.0,-1.5616101340253947,dpm,f,1.0,2.0,1.4620780709258987,1
1.0,-0.8145914443858517,dpm,f,1.0,2.0,0.6847969966605219,1
0.0,-0.9390945593257757,dpm,f,1.0,2.0,0.7819571309436942,1
1.0,-0.0675727547463087,dpm,f,1.0,2.0,0.011153398963862048,1
0.0,-1.5616101340253947,dpm,f,1.0,1.0,1.4620780709258987,1
0.0,-1.5616101340253947,dpm,f,1.0,1.0,1.4620780709258987,1
0.0,-1.5616101340253947,dpm,f,1.0,1.0,0.37388456695437167,1
0.0,-1.5616101340253947,dpm,f,1.0,1.0,0.5552501509496263,1
0.0,-1.5616101340253947,dpm,f,1.0,1.0,-0.351577769026647,1
0.0,-1.5616101340253947,dpm,f,1.0,1.0,-0.5164555726586965,1
0.0,-1.5616101340253947,dpm,f,1.0,1.0,-0.6306017444039613,1
0.0,-1.5616101340253947,dpm,f,1.0,1.0,-1.0983772325365184,1
0.0,-1.5616101340253947,dpm,m,1.0,2.0,-1.8025024409886832,0
0.0,-1.5616101340253947,dpm,m,1.0,2.0,-1.2584056890029196,1
0.0,-1.5616101340253947,dpm,m,1.0,2.0,-0.8697651518702314,1
0.0,-1.5616101340253947,dpm,f,1.0,2.0,-0.351577769026647,1
0.0,-1.5616101340253947,dpm,f,1.0,2.0,-1.2584056890029196,1
0.0,-1.5616101340253947,dpm,f,1.0,2.0,-0.8697651518702314,1
0.0,-1.5616101340253947,dpm,f,1.0,1.0,-0.351577769026647,1
0.0,-1.5616101340253947,dpm,f,1.0,1.0,0.1018361909614896,1
0.0,-1.5616101340253947,dpm,f,1.0,1.0,-0.8697651518702314,1
0.0,-1.5616101340253947,dpm,f,1.0,1.0,-1.2584056890029196,1
0.0,-1.5616101340253947,dpm,f,1.0,1.0,-1.2584056890029196,1
1.0,2.17348331417232,dpm,m,2.0,3.0,1.4620780709258987,0
1.0,2.17348331417232,dpm,m,1.0,2.0,-1.2584056890029196,0
0.0,0.3059365900734627,dpm,m,1.0,2.0,-1.2584056890029196,0
0.0,-0.3165789846261565,dpm,m,1.0,2.0,-0.8697651518702314,0
0.0,-0.627836771975966,dpm,m,1.0,2.0,-0.578284749020715,1
0.0,-0.8145914443858517,dpm,m,1.0,2.0,-1.2584056890029196,1
1.0,-0.49444057739747627,dpm,m,1.0,2.0,-1.077040105007665,1
0.0,-0.627836771975966,dpm,m,1.0,2.0,-1.0983772325365184,0
0.0,-0.7315893677592359,dpm,m,1.0,2.0,-0.9561297156774952,1
0.0,-0.8145914443858517,dpm,m,1.0,2.0,-1.1288588432920232,1
1.0,2.17348331417232,dpm,f,1.0,1.0,1.4620780709258987,0
0.0,-1.5616101340253947,dpm,m,2.0,3.0,-0.351577769026647,0
1.0,0.6794459348932341,dpm,m,2.0,3.0,-0.351577769026647,0
1.0,1.0529552797130055,dpm,m,2.0,3.0,-0.23822427902961268,1
0.0,0.8152675148276964,dpm,m,2.0,3.0,-0.13820649373811175,0
0.0,0.6171943774232724,dpm,m,2.0,3.0,-0.04930179570122259,1
0.0,0.44959403038875934,dpm,m,2.0,3.0,0.030244513068625745,1
0.0,0.3059365900734627,dpm,m,2.0,3.0,0.1018361909614896,1
1.0,0.4157922797263367,dpm,m,2.0,3.0,0.1018361909614896,1
0.0,0.3059365900734627,dpm,m,2.0,3.0,0.15624586616006603,1
1.0,2.17348331417232,dpm,f,1.0,2.0,-2.4949892162432916,1
1.0,1.2397099521228914,dpm,f,1.0,2.0,-2.1652336089791926,1
1.0,1.1063137575444015,dpm,f,1.0,2.0,-1.560681662328344,1
0.0,0.7728232710981771,dpm,f,1.0,2.0,-1.401589044788647,1
0.0,0.5134417816400025,dpm,f,1.0,2.0,-1.505722394450994,0
0.0,0.3059365900734627,dpm,f,1.0,2.0,-1.4851126689969878,1
0.0,0.1361596151553847,dpm,f,1.0,2.0,-1.3672250394000725,0
0.0,-0.005321197276346802,dpm,f,1.0,2.0,-1.2584056890029196,0
0.0,-0.1250357308724274,dpm,f,1.0,2.0,-1.1576470312277782,1
1.0,2.17348331417232,dpm,m,2.0,3.0,-0.351577769026647,1
0.0,0.3059365900734627,dpm,m,2.0,3.0,0.1018361909614896,1
1.0,0.3059365900734627,dpm,m,2.0,3.0,0.5552501509496263,0
1.0,0.5727289792304422,dpm,m,2.0,3.0,0.85752612427505,0
1.0,0.5134417816400025,dpm,m,2.0,3.0,0.20647018172798284,0
0.0,0.3059365900734627,dpm,m,2.0,3.0,0.2961564595278337,1
0.0,0.1361596151553847,dpm,m,2.0,3.0,0.37388456695437167,0
0.0,-0.005321197276346802,dpm,m,2.0,3.0,0.18185041919468986,0
0.0,-0.1250357308724274,dpm,m,2.0,3.0,0.2529741776242018,0
0.0,-0.22764818824049654,dpm,m,2.0,3.0,0.3166112246400806,0
0.0,-0.3165789846261565,dpm,m,2.0,3.0,0.37388456695437167,1
1.0,-0.1090737930596167,dpm,m,2.0,3.0,0.5158228500810924,1
0.0,-1.5616101340253947,dpm,m,1.0,1.0,1.4620780709258987,1
1.0,0.3059365900734627,dpm,f,1.0,1.0,1.4620780709258987,1
0.0,-0.3165789846261565,dpm,f,1.0,1.0,0.37388456695437167,1
1.0,2.17348331417232,dpm,f,1.0,1.0,1.4620780709258987,1
0.0,0.3059365900734627,dpm,f,1.0,1.0,1.4620780709258987,1
1.0,1.2397099521228914,dpm,f,1.0,1.0,1.4620780709258987,1
1.0,2.17348331417232,dpm,f,1.0,2.0,0.37388456695437167,0
0.0,-1.5616101340253947,dpm,m,1.0,0.0,-0.351577769026647,0
1.0,-0.3165789846261565,dpm,m,1.0,0.0,-1.2584056890029196,0
0.0,-0.627836771975966,dpm,m,1.0,0.0,-1.2584056890029196,0
0.0,-0.8145914443858517,dpm,m,1.0,0.0,-1.0110889835548453,1
0.0,-0.9390945593257757,dpm,m,1.0,0.0,-0.804991729014783,1
0.0,-1.0280253557114354,dpm,m,1.0,0.0,-0.6306017444039613,0
0.0,-1.0947234530006804,dpm,m,1.0,0.0,-0.48112461473754264,1
0.0,-1.1465997508923154,dpm,m,1.0,0.0,-0.351577769026647,1
1.0,-0.8825022343530828,dpm,m,1.0,0.0,-0.714308937017156,1
0.0,-0.9390945593257757,dpm,m,1.0,0.0,-0.6106714604484389,1
0.0,-0.9869803727642078,dpm,m,1.0,0.0,-0.5164555726586965,1
1.0,-0.463053237496655,dpm,m,1.0,0.0,-0.48112461473754264,1
0.0,-0.5240841761926961,dpm,m,1.0,0.0,-0.4141176255767347,1
1.0,-0.4410820995660803,dpm,m,1.0,0.0,-0.5164555726586965,0
0.0,-0.49444057739747627,dpm,m,1.0,0.0,-0.5588527221640807,1
0.0,-0.5429482845169271,dpm,m,1.0,0.0,-0.5027157556893592,1
0.0,-0.58723793014773,dpm,m,1.0,0.0,-0.4496132198348923,1
0.0,-0.627836771975966,dpm,m,1.0,0.0,-0.39930555428855563,1
1.0,-0.5560080518183177,dpm,m,1.0,0.0,-0.3062363730278329,1
1.0,-0.49444057739747627,dpm,m,1.0,0.0,-0.5487142733693147,1
1.0,2.17348331417232,dpm,f,1.0,2.0,1.4620780709258987,1
1.0,2.17348331417232,dpm,m,2.0,3.0,-0.351577769026647,1
0.0,0.3059365900734627,dpm,m,2.0,3.0,0.1018361909614896,1
0.0,-0.3165789846261565,dpm,m,2.0,3.0,0.37388456695437167,1
1.0,0.3059365900734627,dpm,m,2.0,3.0,0.7819571309436942,0
0.0,0.03914420091648298,dpm,m,2.0,3.0,-0.02182216176254748,1
0.0,-0.16095009095125165,dpm,m,2.0,3.0,0.1018361909614896,0
0.0,-0.3165789846261565,dpm,m,2.0,3.0,0.20647018172798284,1
1.0,-0.2033943346807711,dpm,m,2.0,3.0,0.37388456695437167,1
0.0,-0.3165789846261565,dpm,m,2.0,3.0,0.4418966609525919,1
0.0,-0.4123506115030208,dpm,m,2.0,3.0,-0.17021218503139246,1
0.0,-0.49444057739747627,dpm,m,2.0,3.0,-0.09248407760485447,0
1.0,0.3059365900734627,dpm,f,1.0,2.0,-2.4949892162432916,0
0.0,-0.3165789846261565,dpm,f,1.0,2.0,-2.5279647769697013,1
1.0,0.3059365900734627,dpm,m,1.0,1.0,-1.647046226135608,1
0.0,-0.3165789846261565,dpm,m,1.0,1.0,-1.560681662328344,1
0.0,-1.5616101340253947,dpm,m,2.0,3.0,1.4620780709258987,1
0.0,-1.5616101340253947,dpm,m,1.0,1.0,1.4620780709258987,1
1.0,0.3059365900734627,dpm,m,1.0,1.0,1.4620780709258987,1
0.0,-0.0675727547463087,dpm,m,1.0,1.0,0.6847969966605219,1
1.0,0.03914420091648298,dpm,m,1.0,1.0,0.85752612427505,0
0.0,-0.16095009095125165,dpm,m,1.0,1.0,0.9179813189401352,0
1.0,-0.0675727547463087,dpm,m,1.0,1.0,0.2961564595278337,1
0.0,-0.2033943346807711,dpm,m,1.0,1.0,0.1018361909614896,0
1.0,-0.1250357308724274,dpm,m,1.0,1.0,0.2529741776242018,0
0.0,-0.22764818824049654,dpm,m,1.0,1.0,0.1018361909614896,1
1.0,2.17348331417232,dpm,f,1.0,2.0,1.4620780709258987,1
0.0,0.9284521647730817,dpm,f,1.0,2.0,-0.351577769026647,1
1.0,0.6794459348932341,dpm,f,1.0,2.0,0.1018361909614896,1
1.0,0.5727289792304422,dpm,f,1.0,2.0,-0.02182216176254748,1
0.0,0.3059365900734627,dpm,f,1.0,2.0,-0.714308937017156,1
0.0,0.0984313985069229,dpm,f,1.0,2.0,-0.578284749020715,1
1.0,0.1361596151553847,dpm,f,1.0,2.0,-0.5424889100742833,1
0.0,-1.5616101340253947,dpm,m,2.0,3.0,1.4620780709258987,1
0.0,-1.5616101340253947,dpm,m,2.0,3.0,1.4620780709258987,0
1.0,2.17348331417232,dpm,m,1.0,1.0,1.4620780709258987,1
1.0,0.9284521647730817,dpm,m,1.0,1.0,-0.351577769026647,0
1.0,2.17348331417232,dpm,f,0.0,4.0,1.4620780709258987,1
1.0,0.9284521647730817,dpm,f,0.0,4.0,0.37388456695437167,0
1.0,0.6794459348932341,dpm,f,0.0,4.0,0.6847969966605219,1
1.0,0.5727289792304422,dpm,f,0.0,4.0,0.85752612427505,1
0.0,0.3059365900734627,dpm,f,0.0,4.0,0.9179813189401352,1
1.0,0.3059365900734627,dpm,f,0.0,4.0,1.0086641109377623,1
1.0,0.3059365900734627,dpm,m,1.0,1.0,0.1018361909614896,1
0.0,-0.3165789846261565,dpm,m,1.0,1.0,-0.8697651518702314,1
0.0,-1.5616101340253947,dpm,f,1.0,1.0,-1.2584056890029196,1
0.0,-1.5616101340253947,dpm,f,1.0,1.0,-0.714308937017156,1
1.0,-0.0675727547463087,dpm,f,1.0,1.0,-1.0110889835548453,1
0.0,-1.5616101340253947,dpm,f,1.0,3.0,-1.8025024409886832,1
0.0,-1.5616101340253947,dpm,f,1.0,3.0,-1.647046226135608,1
0.0,-1.5616101340253947,dpm,f,2.0,3.0,1.4620780709258987,1
1.0,2.17348331417232,dpm,f,2.0,3.0,-0.714308937017156,1
1.0,0.3059365900734627,dpm,m,2.0,3.0,1.4620780709258987,1
1.0,0.9284521647730817,dpm,m,2.0,3.0,0.7819571309436942,1
0.0,0.5727289792304422,dpm,m,2.0,3.0,0.85752612427505,1
0.0,0.3059365900734627,dpm,m,2.0,3.0,0.9179813189401352,0
1.0,0.4757135649915405,dpm,m,2.0,3.0,-0.5424889100742833,1
1.0,2.17348331417232,dpm,m,1.0,2.0,-1.8025024409886832,0
0.0,0.3059365900734627,dpm,m,1.0,2.0,-1.647046226135608,0
1.0,0.3059365900734627,dpm,m,1.0,2.0,-0.9561297156774952,0
0.0,-0.0675727547463087,dpm,m,1.0,2.0,-1.0110889835548453,1
0.0,-0.3165789846261565,dpm,m,1.0,2.0,-0.804991729014783,1
0.0,-0.49444057739747627,dpm,m,1.0,2.0,-1.077040105007665,1
1.0,-0.3165789846261565,dpm,m,1.0,2.0,-0.9561297156774952,0
0.0,-0.4410820995660803,dpm,m,1.0,2.0,-0.8288556216457376,1
0.0,-0.5429482845169271,dpm,m,1.0,2.0,-0.714308937017156,1
0.0,-0.627836771975966,dpm,m,1.0,2.0,-0.6106714604484389,1
0.0,-0.6996654921336143,dpm,m,1.0,2.0,-0.5164555726586965,0
0.0,-0.7612329665544558,dpm,m,1.0,2.0,-0.8398697259369478,1
1.0,-0.627836771975966,dpm,m,1.0,2.0,-0.9951330670743245,1
0.0,-0.682764616802403,dpm,m,1.0,2.0,-1.0110889835548453,1
0.0,-0.7315893677592359,dpm,m,1.0,2.0,-0.9383487760701174,1
1.0,-0.49444057739747627,dpm,m,1.0,2.0,-0.9096257197812763,0
0.0,-0.5429482845169271,dpm,m,1.0,2.0,-0.850333125013597,0
1.0,-0.36638023060212593,dpm,m,1.0,2.0,-0.6890021113433996,1
1.0,2.17348331417232,dpm,f,0.0,1.0,0.1018361909614896,0
0.0,0.9284521647730817,dpm,f,0.0,1.0,-0.351577769026647,0
1.0,0.3059365900734627,dpm,m,1.0,2.0,1.4620780709258987,1
0.0,-0.3165789846261565,dpm,m,1.0,2.0,1.4620780709258987,1
1.0,0.3059365900734627,dpm,m,1.0,2.0,1.4620780709258987,0
1.0,2.17348331417232,dpm,f,2.0,4.0,-2.424327300400985,1
0.0,0.3059365900734627,dpm,f,2.0,4.0,-2.812967837533673,1
0.0,-0.3165789846261565,dpm,f,2.0,4.0,-2.5279647769697013,1
1.0,1.2397099521228914,dpm,m,1.0,1.0,1.4620780709258987,0
1.0,2.17348331417232,dpm,f,1.0,1.0,-0.351577769026647,0
0.0,0.3059365900734627,dpm,f,1.0,1.0,-0.714308937017156,0
0.0,-0.3165789846261565,dpm,f,1.0,1.0,-0.351577769026647,1
0.0,-0.627836771975966,dpm,f,1.0,1.0,-0.09248407760485447,0
0.0,-0.8145914443858517,dpm,f,1.0,1.0,0.1018361909614896,1
0.0,-0.9390945593257757,dpm,f,1.0,1.0,-0.17021218503139246,1
1.0,-0.627836771975966,dpm,f,1.0,1.0,-0.48112461473754264,1
1.0,-0.4410820995660803,dpm,f,1.0,1.0,-0.23822427902961268,1
1.0,2.17348331417232,dpm,f,1.0,1.0,-0.351577769026647,0
1.0,1.2397099521228914,dpm,f,1.0,1.0,-0.578284749020715,1
0.0,0.6794459348932341,dpm,f,1.0,1.0,-0.714308937017156,1
1.0,0.7728232710981771,dpm,f,1.0,1.0,-0.21206578133798953,1
1.0,0.9284521647730817,dpm,f,1.0,1.0,-0.04930179570122259,0
1.0,0.9284521647730817,dpm,f,1.0,1.0,-0.1938685655525125,1
0.0,0.7728232710981771,dpm,f,1.0,1.0,-0.1248707890325784,1
0.0,0.6355036590320846,dpm,f,1.0,1.0,-0.06139283463423964,1
0.0,-1.5616101340253947,dpm,m,1.0,2.0,-1.2584056890029196,1
0.0,-1.5616101340253947,dpm,m,1.0,2.0,-1.2584056890029196,1
0.0,-1.5616101340253947,dpm,m,1.0,2.0,-2.1652336089791926,1
0.0,-1.5616101340253947,dpm,m,1.0,2.0,-1.8862096336018777,1
0.0,-1.5616101340253947,dpm,m,1.0,2.0,-1.647046226135608,1
1.0,2.17348331417232,dpm,f,2.0,3.0,1.4620780709258987,0
1.0,0.9284521647730817,dpm,f,2.0,3.0,1.4620780709258987,0
0.0,0.3059365900734627,dpm,f,2.0,3.0,0.5552501509496263,0
1.0,0.3059365900734627,dpm,f,2.0,3.0,0.7819571309436942,0
1.0,0.3059365900734627,dpm,f,2.0,3.0,0.9179813189401352,0
1.0,0.9284521647730817,dpm,f,2.0,3.0,0.16660961381693742,1
0.0,0.7728232710981771,dpm,f,2.0,3.0,0.2254945436855267,1
0.0,0.6355036590320846,dpm,f,2.0,3.0,0.279259044869891,1
0.0,0.5134417816400025,dpm,f,2.0,3.0,0.32854317095555763,1
0.0,0.4042285229207709,dpm,f,2.0,3.0,0.051456862073918676,1
0.0,0.3059365900734627,dpm,f,2.0,3.0,-0.29307274193140365,1
0.0,0.2170057936878027,dpm,f,2.0,3.0,-0.351577769026647,1
1.0,2.17348331417232,dpm,m,3.0,3.0,-0.351577769026647,0
1.0,2.17348331417232,dpm,m,2.0,3.0,0.5552501509496263,0
1.0,0.9284521647730817,dpm,m,2.0,3.0,1.4620780709258987,1
0.0,0.3059365900734627,dpm,m,2.0,3.0,1.4620780709258987,1
1.0,0.5727289792304422,dpm,m,2.0,3.0,1.4620780709258987,1
1.0,0.6794459348932341,dpm,m,2.0,3.0,1.4620780709258987,1
1.0,2.17348331417232,dpm,f,2.0,3.0,1.4620780709258987,1
1.0,1.2397099521228914,dpm,f,2.0,3.0,1.4620780709258987,1
1.0,0.9284521647730817,dpm,f,2.0,3.0,1.4620780709258987,1
0.0,-1.5616101340253947,dpm,f,2.0,3.0,1.4620780709258987,1
1.0,-0.3165789846261565,dpm,f,2.0,3.0,-0.8697651518702314,1
0.0,-0.627836771975966,dpm,f,2.0,3.0,-0.578284749020715,1
0.0,-0.8145914443858517,dpm,f,2.0,3.0,-0.714308937017156,0
0.0,-1.5616101340253947,dpm,m,2.0,4.0,1.4620780709258987,0
0.0,-1.5616101340253947,dpm,m,2.0,4.0,1.4620780709258987,1
1.0,2.17348331417232,dpm,m,2.0,4.0,1.4620780709258987,0
1.0,2.17348331417232,dpm,m,2.0,3.0,-0.351577769026647,1
0.0,0.3059365900734627,dpm,m,2.0,3.0,-0.714308937017156,0
0.0,-0.3165789846261565,dpm,m,2.0,3.0,-0.351577769026647,0
0.0,-0.627836771975966,dpm,m,2.0,3.0,-0.09248407760485447,1
0.0,-0.8145914443858517,dpm,m,2.0,3.0,-0.351577769026647,0
1.0,-0.49444057739747627,dpm,m,2.0,3.0,-0.351577769026647,1
1.0,-0.0675727547463087,dpm,m,2.0,3.0,-0.23822427902961268,1
0.0,-0.2033943346807711,dpm,m,2.0,3.0,-0.13820649373811175,1
1.0,0.03914420091648298,dpm,m,2.0,3.0,0.1018361909614896,1
1.0,2.17348331417232,dpm,m,1.0,2.0,1.4620780709258987,0
0.0,0.3059365900734627,dpm,m,1.0,2.0,1.4620780709258987,1
1.0,0.6794459348932341,dpm,m,1.0,2.0,1.4620780709258987,0
1.0,0.9284521647730817,dpm,m,1.0,2.0,1.4620780709258987,0
0.0,0.6794459348932341,dpm,m,1.0,2.0,1.4620780709258987,1
1.0,0.6171943774232724,dpm,m,1.0,2.0,1.4620780709258987,0
1.0,0.7728232710981771,dpm,m,1.0,2.0,1.1598020976004744,0
0.0,0.6355036590320846,dpm,m,1.0,2.0,1.175711359354444,0
0.0,0.5134417816400025,dpm,m,1.0,2.0,1.1900296949330167,0
0.0,0.4042285229207709,dpm,m,1.0,2.0,1.2029843795041062,1
0.0,-1.5616101340253947,dpm,f,1.0,2.0,-0.351577769026647,1
0.0,-1.5616101340253947,dpm,f,1.0,2.0,-0.714308937017156,1
0.0,-1.5616101340253947,dpm,f,1.0,2.0,-0.351577769026647,1
0.0,-1.5616101340253947,dpm,f,1.0,2.0,-0.9561297156774952,0
0.0,-1.5616101340253947,dpm,f,1.0,2.0,-0.714308937017156,1
0.0,-1.5616101340253947,dpm,f,1.0,2.0,-0.5164555726586965,1
0.0,-1.5616101340253947,dpm,f,1.0,2.0,-0.351577769026647,1
0.0,-1.5616101340253947,dpm,f,1.0,2.0,-0.48112461473754264,1
1.0,-0.8825022343530828,dpm,f,1.0,2.0,-0.5424889100742833,0
0.0,-0.9390945593257757,dpm,f,1.0,2.0,-0.44226056102427397,1
0.0,-0.9869803727642078,dpm,f,1.0,2.0,-0.6669961759749153,1
0.0,-1.0280253557114354,dpm,f,1.0,2.0,-0.578284749020715,0
0.0,-1.0635976742656994,dpm,f,1.0,2.0,-0.9769763345275246,1
0.0,-1.5616101340253947,dpm,m,2.0,3.0,1.4620780709258987,1
0.0,-1.5616101340253947,dpm,m,1.0,2.0,1.4620780709258987,1
1.0,2.17348331417232,mlinpl,m,1.0,1.0,-1.2584056890029196,0
1.0,2.17348331417232,mlinpl,m,2.0,2.0,-0.17021218503139246,0
0.0,1.6398985358583607,mlinpl,m,2.0,2.0,-0.02182216176254748,1
0.0,1.2397099521228914,mlinpl,m,2.0,2.0,0.1018361909614896,0
0.0,0.9284521647730817,mlinpl,m,2.0,2.0,0.20647018172798284,1
0.0,0.6794459348932341,mlinpl,m,2.0,2.0,0.2961564595278337,0
0.0,0.4757135649915405,mlinpl,m,2.0,2.0,0.37388456695437167,1
1.0,0.44959403038875934,mlinpl,m,2.0,2.0,0.2529741776242018,1
1.0,0.9284521647730817,mlinpl,m,1.0,1.0,1.4620780709258987,0
0.0,0.3059365900734627,mlinpl,m,1.0,1.0,1.4620780709258987,1
0.0,-0.0675727547463087,mlinpl,m,1.0,1.0,1.4620780709258987,1
1.0,0.5134417816400025,mlinpl,m,1.0,1.0,1.4620780709258987,0
1.0,0.4757135649915405,mlinpl,m,1.0,1.0,1.043542107859927,1
1.0,0.3059365900734627,mlinpl,m,2.0,3.0,0.1018361909614896,1
0.0,-0.3165789846261565,mlinpl,m,2.0,3.0,-0.351577769026647,0
0.0,-0.627836771975966,mlinpl,m,2.0,3.0,-0.09248407760485447,1
0.0,-0.8145914443858517,mlinpl,m,2.0,3.0,0.1018361909614896,0
1.0,-0.49444057739747627,mlinpl,m,2.0,3.0,-0.02182216176254748,0
0.0,-0.627836771975966,mlinpl,m,2.0,3.0,0.1018361909614896,1
1.0,-0.4410820995660803,mlinpl,m,2.0,3.0,0.2961564595278337,1
1.0,-0.3165789846261565,mlinpl,m,2.0,3.0,0.4418966609525919,0
1.0,-0.22764818824049654,mlinpl,m,2.0,3.0,0.5552501509496263,0
1.0,-0.16095009095125165,mlinpl,m,2.0,3.0,0.42570330523872996,0
1.0,-0.1090737930596167,mlinpl,m,2.0,3.0,0.15624586616006603,1
0.0,-1.5616101340253947,mlinpl,m,2.0,3.0,-2.424327300400985,1
0.0,-1.5616101340253947,mlinpl,m,2.0,3.0,-2.4949892162432916,1
0.0,-1.5616101340253947,mlinpl,m,2.0,3.0,-2.1652336089791926,1
0.0,-1.5616101340253947,mlinpl,m,2.0,3.0,-1.8862096336018777,1
0.0,-1.5616101340253947,mlinpl,m,2.0,3.0,-1.647046226135608,1
0.0,-1.5616101340253947,mlinpl,m,2.0,3.0,-1.4397712729981742,1
0.0,-1.5616101340253947,mlinpl,f,2.0,3.0,1.4620780709258987,0
0.0,-1.5616101340253947,mlinpl,f,2.0,3.0,1.4620780709258987,1
1.0,-0.0675727547463087,mlinpl,f,2.0,3.0,1.4620780709258987,0
1.0,0.3059365900734627,mlinpl,f,2.0,3.0,1.4620780709258987,1
0.0,0.0984313985069229,mlinpl,f,2.0,3.0,1.4620780709258987,1
1.0,0.3059365900734627,mlinpl,f,2.0,3.0,1.4620780709258987,1
0.0,0.16227914975816607,mlinpl,f,2.0,3.0,1.4620780709258987,0
1.0,0.4157922797263367,mlinpl,f,2.0,3.0,1.4620780709258987,1
1.0,0.5727289792304422,mlinpl,f,2.0,3.0,1.4620780709258987,0
0.0,0.4757135649915405,mlinpl,f,2.0,3.0,1.4620780709258987,0
0.0,-1.5616101340253947,mlinpl,f,2.0,3.0,-0.351577769026647,0
0.0,-1.5616101340253947,mlinpl,f,2.0,3.0,0.1018361909614896,0
1.0,-0.627836771975966,mlinpl,f,2.0,3.0,-0.578284749020715,1
1.0,0.5134417816400025,mlinpl,f,2.0,3.0,0.20647018172798284,1
0.0,0.3059365900734627,mlinpl,f,2.0,3.0,0.2961564595278337,0
0.0,0.1361596151553847,mlinpl,f,2.0,3.0,-0.13820649373811175,1
1.0,0.16227914975816607,mlinpl,f,2.0,3.0,-0.17021218503139246,0
1.0,2.17348331417232,mlinpl,f,2.0,4.0,-0.351577769026647,0
0.0,0.3059365900734627,mlinpl,f,2.0,4.0,0.1018361909614896,1
0.0,-0.3165789846261565,mlinpl,f,2.0,4.0,0.37388456695437167,1
0.0,-0.627836771975966,mlinpl,f,2.0,4.0,0.5552501509496263,0
1.0,-0.3165789846261565,mlinpl,f,2.0,4.0,0.7819571309436942,1
0.0,-0.49444057739747627,mlinpl,f,2.0,4.0,0.37388456695437167,1
1.0,-0.3165789846261565,mlinpl,f,2.0,4.0,-0.7783203196037163,0
0.0,-0.4410820995660803,mlinpl,f,2.0,4.0,-0.8288556216457376,0
1.0,-0.3165789846261565,mlinpl,f,2.0,4.0,-0.6106714604484389,1
1.0,0.3059365900734627,mlinpl,m,1.0,3.0,1.4620780709258987,1
1.0,0.9284521647730817,mlinpl,m,1.0,3.0,0.2529741776242018,0
0.0,0.5727289792304422,mlinpl,m,1.0,3.0,0.37388456695437167,0
1.0,0.6794459348932341,mlinpl,m,1.0,3.0,0.6250061447939547,1
0.0,0.4757135649915405,mlinpl,m,1.0,3.0,0.6847969966605219,1
0.0,-1.5616101340253947,mlinpl,m,2.0,3.0,1.4620780709258987,1
0.0,-1.5616101340253947,mlinpl,m,2.0,3.0,-0.714308937017156,1
0.0,-1.5616101340253947,mlinpl,m,2.0,3.0,-0.351577769026647,1
1.0,-0.3165789846261565,mlinpl,m,2.0,3.0,-0.17021218503139246,1
1.0,-0.16095009095125165,mlinpl,m,2.0,3.0,0.1018361909614896,1
1.0,-0.0675727547463087,mlinpl,m,2.0,3.0,0.011153398963862048,0
0.0,-0.2033943346807711,mlinpl,m,2.0,3.0,0.1018361909614896,0
1.0,0.18143347513353889,mlinpl,m,2.0,3.0,0.16660961381693742,1
1.0,2.17348331417232,mlinpl,f,1.0,3.0,-1.2584056890029196,1
0.0,0.9284521647730817,mlinpl,f,1.0,3.0,-0.8697651518702314,1
1.0,0.6794459348932341,mlinpl,f,1.0,3.0,-0.351577769026647,1
0.0,0.3059365900734627,mlinpl,f,1.0,3.0,-0.17021218503139246,0
0.0,0.03914420091648298,mlinpl,f,1.0,3.0,-0.02182216176254748,0
0.0,-0.16095009095125165,mlinpl,f,1.0,3.0,0.1018361909614896,1
1.0,-0.0675727547463087,mlinpl,f,1.0,3.0,0.2961564595278337,0
1.0,0.7209469732065423,mlinpl,f,1.0,3.0,0.5158228500810924,0
0.0,0.6008123886153877,mlinpl,f,1.0,3.0,0.37388456695437167,1
1.0,0.5727289792304422,mlinpl,f,1.0,3.0,0.2961564595278337,1
1.0,2.17348331417232,mlinpl,m,2.0,3.0,0.1018361909614896,1
1.0,1.7065966331476057,mlinpl,m,2.0,3.0,0.1018361909614896,0
1.0,1.4943754145000085,mlinpl,m,2.0,3.0,0.1018361909614896,1
0.0,1.2397099521228914,mlinpl,m,2.0,3.0,0.18185041919468986,1
0.0,-1.5616101340253947,mlinpl,m,1.0,2.0,-0.351577769026647,1
0.0,-1.5616101340253947,mlinpl,m,1.0,2.0,0.1018361909614896,1
0.0,-1.5616101340253947,mlinpl,m,1.0,2.0,0.37388456695437167,1
0.0,-1.5616101340253947,mlinpl,m,1.0,2.0,0.5552501509496263,1
0.0,-1.5616101340253947,mlinpl,m,1.0,2.0,0.6847969966605219,1
1.0,1.7065966331476057,mlinpl,m,1.0,2.0,0.1018361909614896,1
1.0,1.4943754145000085,mlinpl,m,1.0,2.0,0.37388456695437167,1
1.0,2.17348331417232,mlinpl,m,1.0,2.0,1.4620780709258987,0
1.0,2.17348331417232,mlinpl,m,2.0,2.0,0.1018361909614896,1
1.0,1.2397099521228914,mlinpl,m,2.0,2.0,0.5552501509496263,1
1.0,2.17348331417232,mlinpl,m,1.0,3.0,1.4620780709258987,1
1.0,0.9284521647730817,mlinpl,m,1.0,3.0,1.4620780709258987,0
1.0,0.9284521647730817,mlinpl,m,1.0,3.0,-0.17021218503139246,0
1.0,1.0529552797130055,mlinpl,m,1.0,3.0,-0.23822427902961268,1
0.0,0.8152675148276964,mlinpl,m,1.0,3.0,-0.13820649373811175,1
0.0,0.6171943774232724,mlinpl,m,1.0,3.0,-0.04930179570122259,1
1.0,0.5727289792304422,mlinpl,m,1.0,3.0,-0.26913886721062225,0
0.0,0.43043970501338646,mlinpl,m,1.0,3.0,-0.1938685655525125,0
1.0,0.6008123886153877,mlinpl,m,1.0,3.0,-0.09248407760485447,1
0.0,0.4926912624833486,mlinpl,m,1.0,3.0,-0.5164555726586965,1
0.0,0.39486738645912267,mlinpl,m,1.0,3.0,-0.5588527221640807,1
1.0,2.17348331417232,mlinpl,m,1.0,3.0,0.1018361909614896,1
0.0,0.9284521647730817,mlinpl,m,1.0,3.0,-0.351577769026647,1
1.0,0.6794459348932341,mlinpl,m,1.0,3.0,-0.351577769026647,1
0.0,0.3059365900734627,mlinpl,m,1.0,3.0,-0.17021218503139246,1
0.0,0.03914420091648298,mlinpl,m,1.0,3.0,-0.6306017444039613,1
1.0,0.3059365900734627,mlinpl,m,1.0,3.0,-0.23822427902961268,1
1.0,0.44959403038875934,mlinpl,m,1.0,3.0,-0.804991729014783,1
0.0,0.3059365900734627,mlinpl,m,1.0,3.0,-0.714308937017156,1
1.0,2.17348331417232,mlinpl,m,1.0,2.0,1.4620780709258987,1
1.0,1.7584729310392404,mlinpl,m,1.0,2.0,0.5552501509496263,1
0.0,-1.5616101340253947,mlinpl,m,2.0,3.0,1.4620780709258987,0
1.0,-0.3165789846261565,mlinpl,m,2.0,3.0,1.4620780709258987,1
0.0,-0.627836771975966,mlinpl,m,2.0,3.0,1.4620780709258987,1
1.0,0.3059365900734627,mlinpl,m,2.0,3.0,1.4620780709258987,1
1.0,0.4757135649915405,mlinpl,m,2.0,3.0,1.4620780709258987,1
0.0,0.3059365900734627,mlinpl,m,2.0,3.0,1.4620780709258987,0
1.0,0.9284521647730817,mlinpl,m,3.0,4.0,-1.8025024409886832,1
1.0,0.6794459348932341,mlinpl,m,3.0,4.0,-1.2584056890029196,0
1.0,0.5727289792304422,mlinpl,m,3.0,4.0,-0.8697651518702314,1
0.0,0.3059365900734627,mlinpl,m,3.0,4.0,-0.714308937017156,1
1.0,0.6171943774232724,mlinpl,m,3.0,4.0,-0.9035599811861175,1
1.0,0.9939801200046208,mlinpl,m,3.0,4.0,-0.578284749020715,0
0.0,0.86620060730312,mlinpl,m,3.0,4.0,-0.6182918631373151,0
0.0,0.7505905720017622,mlinpl,m,3.0,4.0,-0.5588527221640807,0
0.0,0.6454905399096187,mlinpl,m,3.0,4.0,-0.6856722658600105,1
0.0,0.5495296410428787,mlinpl,m,3.0,4.0,-0.714308937017156,1
0.0,0.4615654837483673,mlinpl,m,3.0,4.0,-0.6612263270673254,0
0.0,0.38063845903741705,mlinpl,m,3.0,4.0,-0.6890021113433996,1
1.0,0.3751049872623092,mlinpl,m,3.0,4.0,-0.9319476378114611,0
0.0,0.3059365900734627,mlinpl,m,3.0,4.0,-0.9445037167034405,0
0.0,0.24153842717350218,mlinpl,m,3.0,4.0,-0.8990965131632644,1
0.0,0.18143347513353889,mlinpl,m,3.0,4.0,-0.9121623013756156,1
0.0,0.12520626193486353,mlinpl,m,3.0,4.0,-0.9769763345275246,1
0.0,0.07249324956110552,mlinpl,m,3.0,4.0,-0.9863573130100375,1
0.0,0.022974965209999497,mlinpl,m,3.0,4.0,-1.1328449000831278,1
1.0,0.03914420091648298,mlinpl,m,3.0,4.0,-1.0983772325365184,1
0.0,-0.005321197276346802,mlinpl,m,3.0,4.0,-1.1828366956715637,1
0.0,-0.04738306043172646,mlinpl,m,3.0,4.0,-1.1466049865400916,1
0.0,-0.08723114131577042,mlinpl,m,3.0,4.0,-1.1113525127905513,1
1.0,0.3059365900734627,mlinpl,f,1.0,3.0,-0.714308937017156,0
0.0,-1.5616101340253947,mlinpl,f,3.0,4.0,-0.351577769026647,1
0.0,-1.5616101340253947,mlinpl,f,3.0,4.0,-1.2584056890029196,1
0.0,-1.5616101340253947,mlinpl,f,3.0,4.0,-0.8697651518702314,1
1.0,-0.3165789846261565,mlinpl,f,3.0,4.0,-1.0491377074699337,0
0.0,-0.49444057739747627,mlinpl,f,3.0,4.0,-0.8697651518702314,1
0.0,-0.627836771975966,mlinpl,f,3.0,4.0,-0.714308937017156,1
0.0,-0.7315893677592359,mlinpl,f,3.0,4.0,-0.578284749020715,1
1.0,-0.5429482845169271,mlinpl,f,3.0,4.0,-0.351577769026647,0
1.0,-0.4123506115030208,mlinpl,f,3.0,4.0,-0.17021218503139246,0
0.0,-0.49444057739747627,mlinpl,f,3.0,4.0,-0.09248407760485447,1
0.0,-0.5655852145060041,mlinpl,f,3.0,4.0,-0.351577769026647,1
1.0,-0.1855230741630788,mlinpl,f,3.0,4.0,-0.226498055926471,0
0.0,-0.2543274271561946,mlinpl,f,3.0,4.0,-0.29307274193140365,1
0.0,-0.3165789846261565,mlinpl,f,3.0,4.0,-0.23822427902961268,1
0.0,-0.3731713095988491,mlinpl,f,3.0,4.0,-0.18669996539459693,1
0.0,-0.4248425628347858,mlinpl,f,3.0,4.0,-0.13820649373811175,1
1.0,2.17348331417232,mlinpl,m,3.0,4.0,-0.351577769026647,1
0.0,0.3059365900734627,mlinpl,m,3.0,4.0,0.1018361909614896,0
0.0,-0.3165789846261565,mlinpl,m,3.0,4.0,0.37388456695437167,1
0.0,-0.627836771975966,mlinpl,m,3.0,4.0,0.5552501509496263,1
1.0,-0.3165789846261565,mlinpl,m,3.0,4.0,-0.17021218503139246,0
0.0,-0.49444057739747627,mlinpl,m,3.0,4.0,-0.8697651518702314,1
1.0,-0.3165789846261565,mlinpl,m,3.0,4.0,-0.578284749020715,1
0.0,-0.4410820995660803,mlinpl,m,3.0,4.0,-0.6538537423520708,1
1.0,-0.3165789846261565,mlinpl,m,3.0,4.0,-0.6106714604484389,1
0.0,-0.4123506115030208,mlinpl,m,3.0,4.0,-0.6669961759749153,1
0.0,-0.49444057739747627,mlinpl,m,3.0,4.0,-0.578284749020715,1
0.0,-0.5655852145060041,mlinpl,m,3.0,4.0,-0.6306017444039613,0
0.0,-0.627836771975966,mlinpl,m,3.0,4.0,-0.8956745210124105,1
1.0,-0.2543274271561946,mlinpl,m,3.0,4.0,-0.6182918631373151,0
1.0,-0.2033943346807711,mlinpl,m,3.0,4.0,-0.9993119975811271,0
0.0,-0.26244719552184176,mlinpl,m,3.0,4.0,-0.942070368080964,1
0.0,-0.3165789846261565,mlinpl,m,3.0,4.0,-0.8874306308308078,1
1.0,-0.26869317118772423,mlinpl,m,3.0,4.0,-0.7852780785805161,1
0.0,-0.3165789846261565,mlinpl,m,3.0,4.0,-0.804991729014783,1
0.0,-0.36104438281898626,mlinpl,m,3.0,4.0,-0.8231282874143089,1
1.0,-0.3165789846261565,mlinpl,m,3.0,4.0,-0.7964367486376487,1
0.0,-0.35674127976806735,mlinpl,m,3.0,4.0,-0.7546124001272126,1
0.0,-0.39439343146360883,mlinpl,m,3.0,4.0,-0.9356364293503482,0
1.0,-0.14833153200463767,mlinpl,m,3.0,4.0,-0.9824145829231844,1
0.0,-1.5616101340253947,mlinpl,m,3.0,4.0,-0.351577769026647,0
0.0,-1.5616101340253947,mlinpl,m,3.0,4.0,0.1018361909614896,1
0.0,-1.5616101340253947,mlinpl,m,3.0,4.0,-0.8697651518702314,1
0.0,-1.5616101340253947,mlinpl,m,3.0,4.0,-1.8862096336018777,1
0.0,-1.5616101340253947,mlinpl,m,3.0,4.0,-2.058547971334925,1
0.0,-1.5616101340253947,mlinpl,m,1.0,1.0,-1.8025024409886832,0
0.0,-1.5616101340253947,mlinpl,m,1.0,1.0,-1.2584056890029196,0
1.0,-0.0675727547463087,mlinpl,m,1.0,1.0,-0.351577769026647,1
0.0,-0.3165789846261565,mlinpl,m,1.0,1.0,-0.17021218503139246,1
1.0,0.736908911019353,mlinpl,m,1.0,1.0,-0.351577769026647,0
0.0,0.5727289792304422,mlinpl,m,1.0,1.0,-0.26913886721062225,0
0.0,0.43043970501338646,mlinpl,m,1.0,1.0,-0.1938685655525125,1
1.0,0.6008123886153877,mlinpl,m,1.0,1.0,-0.09248407760485447,1
0.0,0.4926912624833486,mlinpl,m,1.0,1.0,-0.17021218503139246,1
0.0,-1.5616101340253947,mlinpl,m,1.0,2.0,1.4620780709258987,1
0.0,-1.5616101340253947,mlinpl,m,1.0,2.0,1.4620780709258987,1
0.0,-1.5616101340253947,mlinpl,m,1.0,2.0,1.4620780709258987,1
1.0,0.5134417816400025,mlinpl,m,1.0,2.0,-0.351577769026647,1
0.0,0.3059365900734627,mlinpl,m,1.0,2.0,-0.23822427902961268,1
1.0,0.3059365900734627,mlinpl,m,1.0,2.0,-0.04930179570122259,1
1.0,0.3059365900734627,mlinpl,m,2.0,2.0,-0.714308937017156,1
1.0,0.3059365900734627,mlinpl,m,2.0,2.0,-0.09248407760485447,1
1.0,0.7728232710981771,mlinpl,m,2.0,2.0,0.4728112491336015,1
1.0,0.9284521647730817,mlinpl,m,2.0,2.0,0.7366157349448808,1
1.0,0.8395213683874221,mlinpl,m,2.0,2.0,0.8219642450602943,1
1.0,0.7728232710981771,mlinpl,m,2.0,2.0,0.8893446477829897,1
1.0,2.17348331417232,mlinpl,m,1.0,3.0,-0.351577769026647,0
1.0,0.9284521647730817,mlinpl,m,1.0,3.0,0.37388456695437167,0
0.0,0.3059365900734627,mlinpl,m,1.0,3.0,0.5552501509496263,0
0.0,-0.0675727547463087,mlinpl,m,1.0,3.0,0.6847969966605219,1
1.0,0.03914420091648298,mlinpl,m,1.0,3.0,0.37388456695437167,0
0.0,-0.16095009095125165,mlinpl,m,1.0,3.0,0.1018361909614896,1
1.0,-0.0675727547463087,mlinpl,m,1.0,3.0,0.2961564595278337,0
0.0,-0.2033943346807711,mlinpl,m,1.0,3.0,0.1018361909614896,0
1.0,-0.1250357308724274,mlinpl,m,1.0,3.0,0.2529741776242018,1
1.0,0.07249324956110552,mlinpl,m,1.0,3.0,0.42570330523872996,1
1.0,0.0984313985069229,mlinpl,m,1.0,3.0,0.32854317095555763,1
1.0,0.119181917663577,mlinpl,m,1.0,3.0,0.41573816326096874,1
1.0,0.1361596151553847,mlinpl,m,1.0,3.0,0.33636065302431895,0
1.0,0.15030769639855784,mlinpl,m,1.0,3.0,0.40898758321151724,0
1.0,0.3059365900734627,mlinpl,m,1.0,3.0,0.529340781807447,0
0.0,0.24153842717350218,mlinpl,m,1.0,3.0,0.5552501509496263,1
0.0,0.18143347513353889,mlinpl,m,1.0,3.0,0.45979458042580773,0
1.0,0.2493442651007701,mlinpl,m,1.0,3.0,0.533132396803863,0
1.0,0.3059365900734627,mlinpl,m,1.0,2.0,0.1018361909614896,1
0.0,-0.3165789846261565,mlinpl,m,1.0,2.0,0.37388456695437167,1
0.0,-0.627836771975966,mlinpl,m,1.0,2.0,0.5552501509496263,1
0.0,-0.8145914443858517,mlinpl,m,1.0,2.0,0.6847969966605219,1
0.0,-0.9390945593257757,mlinpl,m,1.0,2.0,0.7819571309436942,1
0.0,-1.0280253557114354,mlinpl,m,1.0,2.0,0.85752612427505,1
0.0,-1.0947234530006804,mlinpl,m,1.0,2.0,0.9179813189401352,0
1.0,-0.5429482845169271,mlinpl,m,1.0,2.0,1.043542107859927,1
0.0,-0.627836771975966,mlinpl,m,1.0,2.0,1.0734375337932107,1
0.0,-0.6996654921336143,mlinpl,m,1.0,2.0,1.0993469029353897,1
1.0,2.17348331417232,mlinpl,m,1.0,1.0,1.4620780709258987,1
1.0,1.4264646245327772,mlinpl,m,1.0,1.0,1.4620780709258987,1
1.0,1.4264646245327772,mlinpl,m,1.0,1.0,1.4620780709258987,1
1.0,2.17348331417232,mlinpl,m,1.0,1.0,1.4620780709258987,1
1.0,1.2397099521228914,mlinpl,m,1.0,1.0,1.4620780709258987,1
1.0,1.1063137575444015,mlinpl,m,1.0,1.0,-0.351577769026647,0
1.0,1.0529552797130055,mlinpl,m,1.0,1.0,-0.23822427902961268,1
